Company,City,Batch,Why a fit,Contact,Draft Email,Source,Tone Check,No usable contact (flag),"Anomaly-batch (flag, see file note)"
ConnectedH,Gurugram,"North India — Delhi NCR, Jaipur, Chandigarh, Lucknow (20 entries)","B2B healthtech platform enabling home-based diagnostics (mobile phlebotomy, patient CRM, lab fleet management) for 400+ diagnostic centres, with 500,000+ home visits completed. A funded, growing healthcare software business — plausible need for continued feature development or AI-driven patient support that Bitecodes' healthcare and automation experience covers.",sales@connectedh.com; Sales: 011-422-13800; Support: 8905405533,"Hello ConnectedH team,  Your platform now supports 400+ diagnostic centres and has completed over 500,000 home visits, which is a strong base to build further automation on. Bitecodes designs and builds healthcare software, including patient apps, WhatsApp-based reminder systems, and AI chatbots for triage or support. If your engineering roadmap has features waiting for extra delivery capacity, we would be glad to discuss how our team could help you ship faster without adding full-time headcount.  Regards, The Bitecodes team",https://www.connectedh.com/,,0,0
Farmako,Gurugram,"North India — Delhi NCR, Jaipur, Chandigarh, Lucknow (20 entries)","YC-backed 30-minute medicine delivery and digital health (ABDM) company, expanding from Gurugram/Moradabad into New Delhi. Healthcare vertical fit; a city expansion is a concrete, time-bound reason to want extra engineering bandwidth.",Phone (24/7 helpline): +919891260600; WhatsApp ordering: +918851280800,"Hello Farmako team,  Delivering over 500,000 orders across Gurugram and Moradabad, while also expanding into New Delhi, is a significant operational milestone, especially alongside your ABDM digital health integration work. Bitecodes builds healthcare software and AI-driven automation, including prescription digitization tools, WhatsApp ordering flows, and pharmacist-support chatbots. As you prepare your Delhi rollout, extra engineering bandwidth for new city-specific features could help your core team stay focused on the medicine-delivery experience. We would welcome a short call to explore this.  The Bitecodes team",https://farmako.ai/about-us/,,0,0
Hawkhire HR Consultants,Gurugram,"North India — Delhi NCR, Jaipur, Chandigarh, Lucknow (20 entries)","Multi-city recruitment agency (Gurugram, Delhi, Noida, Faridabad, and more) covering bulk hiring, executive search, and payroll outsourcing. Its own site is functional but visibly dated, with cluttered navigation and placeholder content — a direct match for the ""weak online presence"" signal in the recruitment vertical.",Hello@hawkhire.in; +91 88042 22224,"Hello Hawkhire team,  Running placements across Gurugram, Delhi, Noida, and five other cities, spanning everything from bulk hiring to executive search, is a wide mandate for one team to support well. Bitecodes builds websites and automation tools for recruitment businesses, including candidate-screening chatbots, applicant dashboards, and refreshed client-facing sites. If your current site is not yet matching the scale of your placement business, we would welcome a conversation about a focused redesign or a small automation pilot.  The Bitecodes team",https://www.hawkhire.in/,,0,0
Rainsong Films,Gurugram,"North India — Delhi NCR, Jaipur, Chandigarh, Lucknow (20 entries)","Full-service video production house (corporate films, commercials, documentaries) with enterprise clients such as Max Healthcare and Comio Mobiles. Media/production vertical; likely relies on manual email/phone intake for new inquiries and revisions — an automation opportunity.",rainsongfilms@gmail.com; +91 9899230129 / +91 9810402903,"Hello Rainsong Films team,  Producing corporate films and commercials for clients such as Max Healthcare and Comio Mobiles reflects strong creative range for a Gurugram-based production house. Bitecodes builds web platforms and automation for production and media companies, including client review portals for cut approvals, automated quote-request forms, and lead-capture chatbots for your site. If new inquiries are still being handled manually through email and phone, we would welcome a short conversation about a small tool to streamline that intake process.  The Bitecodes team",https://rainsongfilms.com/ ; https://rainsongfilms.com/contact-us/,,0,0
Movee Merchant,Delhi,"North India — Delhi NCR, Jaipur, Chandigarh, Lucknow (20 entries)","Delhi-based video production agency (TVCs, corporate films, animation, post-production, SEO) with a stated 7-to-15-day turnaround. Media/production vertical fit; a growing service business likely to benefit from booking/status-tracking automation rather than more manual coordination.",info@moveemerchant.com; +91 83770-85770,"Hello Movee Merchant team,  Offering everything from television commercials to animated video and SEO out of your South Extension studio shows a broad service line for a single production team to coordinate. Bitecodes builds booking and project-tracking tools, plus AI chatbots for initial client intake, for media and production businesses. If your 7-to-15-day production cycle involves repetitive scoping calls or status updates, a small custom tool could free up time for the creative work itself. Happy to discuss.  The Bitecodes team",https://moveemerchant.com/,,0,0
G Dinesh and Associates,Gurugram,"North India — Delhi NCR, Jaipur, Chandigarh, Lucknow (20 entries)","ICAI-registered chartered accountancy firm serving 500+ clients (startups, SMEs, larger enterprises) across Delhi NCR. Finance vertical; a practice this size plausibly handles recurring document and deadline queries manually, which fits Bitecodes' automation and client-portal work.",dinesh@dgassociatesindia.com; +91 94676 24506,"Hello G Dinesh and Associates team,  Serving 500+ clients across Delhi NCR with compliance, audit, and advisory work means your team likely fields the same document requests and deadline questions many times over. Bitecodes builds client portals, WhatsApp-based reminder systems, and simple compliance chatbots for finance and accounting practices, so routine queries do not need a partner's direct attention. If document collection or deadline follow-ups still run through manual email chains, we would welcome a short conversation about automating that layer.  The Bitecodes team",https://dgassociatesindia.com/,,0,0
KLK Ventures,Noida,"North India — Delhi NCR, Jaipur, Chandigarh, Lucknow (20 entries)","Legacy manufacturer (originally K.L. Khanna Gears Industries) that transitioned into solar and battery manufacturing, with its own testing facility since 2018. Manufacturing vertical; a decades-old industrial business moving into a modern product line is a strong candidate for a stronger digital presence.",info@klkindia.com; 0120-4549038,"Hello KLK Ventures team,  Growing from K.L. Khanna Gears Industries into a solar and battery manufacturer with your own testing facility since 2018 is a notable transition for a Noida-based manufacturer. Bitecodes builds B2B websites, dealer-onboarding portals, and monitoring dashboards for manufacturing and renewable-energy businesses, including tools that track installed solar systems or manage franchise inquiries automatically. If your online presence has not yet caught up with your manufacturing capability, we would welcome a short conversation about a focused rebuild.  The Bitecodes team",https://www.klkindia.com/about-klk/,,0,0
Shanco Electricals,Delhi,"North India — Delhi NCR, Jaipur, Chandigarh, Lucknow (20 entries)","Manufacturer of automotive wiring, cables, and battery terminals operating since 1951 from Mangolpuri Industrial Area. Manufacturing vertical with a basic, catalogue-heavy web presence and minimal visual polish — a clear weak-online-presence signal.",08047530931,"Hello Shanco Electricals team,  Operating since 1951 and now producing more than 30 product lines of automotive wiring, cables, and battery terminals from your Mangolpuri facility shows real manufacturing depth built up over decades. Bitecodes builds modern B2B websites, digital product catalogues, and automated quote-request tools for manufacturers, so buyers can find and request the right part without a phone call every time. If your online catalogue has not kept pace with your product range, we would welcome a short conversation.  The Bitecodes team",https://www.shanolex.co.in/,,0,0
Bachatt,Gurugram,"North India — Delhi NCR, Jaipur, Chandigarh, Lucknow (20 entries)","Fintech savings app for India's self-employed population (daily micro-SIPs from ₹100), recently funded (Lightspeed, Info Edge Ventures among backers). Finance/startup vertical; a high-volume, first-time-investor user base is a strong match for Bitecodes' AI chatbot and automation work, and fast post-funding scaling often outpaces in-house delivery capacity.",+917982315462 (phone/WhatsApp),"Hello Bachatt team,  Helping India's self-employed workers save from as little as 100 rupees a day is a strong mission, and scaling that to millions of kirana owners and gig workers will bring a large volume of routine support questions. Bitecodes builds AI-driven WhatsApp and in-app chatbots, plus KYC and onboarding automation, for fintech platforms serving high-volume, first-time investors. If your support team is stretched by repetitive queries as you scale after your latest funding round, we would welcome a short conversation.  The Bitecodes team",https://www.bachatt.app/about/about-bachatt ; https://www.bachatt.app/help/customer-support,,0,0
MADE EASY,Delhi,"North India — Delhi NCR, Jaipur, Chandigarh, Lucknow (20 entries)","Engineering exam coaching institute (ESE, GATE, SSC-JE, PSU) running centres in Delhi, Bhopal, Jaipur, Pune, and Hyderabad, each with separate contact details. Education vertical; multi-centre coordination without a shared digital system is a concrete automation opportunity.",infodelhi@madeeasy.in; 9021300500,"Hello MADE EASY team,  Coordinating ESE, GATE, and SSC-JE coaching across five centres, from Delhi to Hyderabad, each with its own contact line, means a great deal of manual coordination behind the scenes. Bitecodes builds student portals, doubt-resolution chatbots, and centralized lead-management tools for education businesses running multiple centres. If prospective students currently have to call or email each centre separately to get an answer, a shared online system could reduce that load significantly. We would welcome a short conversation.  The Bitecodes team",https://www.madeeasy.in/contact-us,,0,0
Thinkers Communication,Jaipur,"North India — Delhi NCR, Jaipur, Chandigarh, Lucknow (20 entries)","A media/production house founded in 1996, running documentary, ad-film, and drone/wedding video work for clients including UNICEF, the Government of Rajasthan, and World Trade Park, yet its own site routes every inquiry through phone, WhatsApp, or a personal Gmail address, with no booking flow, quoting tool, or client-delivery portal visible.",Phone +91 9828023233 / +91 9929344802; Email thinkerscommunication1@gmail.com (as published on site),"Hello, we came across Thinkers Communication and were struck by three decades of documentary and ad-film work for clients such as UNICEF and the Government of Rajasthan. Bitecodes builds websites, client portals, and automation tools for production houses that want inquiries and project delivery to run as smoothly as their shoots do. If a modern booking page or a simple client-delivery portal would help your team, we would welcome a short conversation. Warm regards, the Bitecodes team.",https://thinkerscommunication.com/,,0,0
Hire Right Consultancy,Jaipur,"North India — Delhi NCR, Jaipur, Chandigarh, Lucknow (20 entries)","An HR consulting and staffing firm with offices in Jaipur and Noida that markets a ""3 days process"" for candidate shortlisting as a core differentiator, but publishes no candidate portal or tracking tool, only a phone number and a contact form.",Phone +91 9983555552; contact form at hirerightconsultancy.in/contact/ (no email publicly listed),"Hello, we noticed Hire Right Consultancy promotes a three-day candidate shortlisting process, which is a strong claim to back with the right tooling. Bitecodes builds recruitment software, candidate portals, and workflow automation for staffing firms in India, the US, the UK, and Australia. If a lightweight system to track candidates and speed up that three-day turnaround would be useful, we would welcome a short conversation about what your team actually needs. Warm regards, the Bitecodes team.",https://hirerightconsultancy.in/,,0,0
Indiajobs Staffing Solutions & Consultancy Services,Jaipur,"North India — Delhi NCR, Jaipur, Chandigarh, Lucknow (20 entries)","A Jaipur-headquartered staffing consultancy with branches across more than a dozen Indian cities and a client roster it lists as including Maruti, Amul, Saint Gobain, Pepsi, ITC, Apollo Pharmacy, and Radisson Blu, run from what is otherwise a basic directory-style website.",Phone +91 8875003911 / +91 7742163950; Email HR@indiajobss.com / INFO@indiajobss.com,"Hello, we came across Indiajobs Staffing Solutions and its client roster, which includes recognisable names such as Maruti, Amul, and Apollo Pharmacy. Coordinating placements for clients like these across more than a dozen branch cities takes real backend effort. Bitecodes builds staffing software, candidate and client portals, and workflow automation for recruitment firms across India. If tools to make that coordination easier would help your team, we would welcome a short conversation. Warm regards, the Bitecodes team.",https://www.indiajobss.com/AboutUs.aspx,,0,0
Krishnam Exports,Jaipur,"North India — Delhi NCR, Jaipur, Chandigarh, Lucknow (20 entries)","A Jaipur jewelry manufacturer and exporter with in-house gemstone cutting, CNC production, and private-label capability for wholesalers and designers worldwide, affiliated with the Gem and Jewellery Export Promotion Council, whose customer-facing site offers only email, phone, and WhatsApp for inquiries.",Phone / WhatsApp +91 9875788092; Email krishnamexports999@gmail.com,"Hello, we came across Krishnam Exports and your in-house capability spanning gemstone cutting, CNC production, and private-label jewellery manufacturing for clients worldwide. Coordinating custom orders across international wholesalers and designers usually outgrows email and WhatsApp alone. Bitecodes builds export-order portals, catalogue systems, and backend automation for manufacturers serving global B2B buyers. If a proper wholesale ordering system would help your export business scale, we would welcome a short conversation. Warm regards, the Bitecodes team.",https://www.krishnamexports.com/,,0,0
Zingavita,Chandigarh,"North India — Delhi NCR, Jaipur, Chandigarh, Lucknow (20 entries)","A Chandigarh (Manimajra) D2C nutrition brand combining ingredients such as shilajit with modern-science supplements, whose only listed support channel for product and health questions is a single ""Let's talk health"" contact form.",Email info@zingavita.com; Phone +91-7657926035; contact form on site,"Hello, we came across Zingavita and how it blends traditional ingredients such as shilajit with modern nutrition science. Right now, product and health questions appear to route through a single ""Let's talk health"" form. Bitecodes builds AI chatbots and backend automation for D2C health brands, which could help you answer common nutrition questions instantly and free up your team for the rest. If that sounds useful, we would welcome a short conversation. Warm regards, the Bitecodes team.",https://www.zingavita.com/pages/contact,,0,0
LetsShave,Chandigarh,"North India — Delhi NCR, Jaipur, Chandigarh, Lucknow (20 entries)","A Chandigarh (Elante Offices) D2C grooming brand claiming the world's first 7-blade and 6-blade razors and over 1.2 million users, whose own site handles support and inquiries through a single WhatsApp link and a generic contact form.",Phone +91 9026729729 (WhatsApp +91 8728929729); Email support@letsshave.com,"Hello, we came across LetsShave and its claim of being first to market with a seven-blade razor, now serving over 1.2 million users. At that scale, support and order queries likely arrive faster than a WhatsApp link and a contact form can comfortably handle. Bitecodes builds AI-driven customer support tools and backend systems for D2C manufacturing brands. If additional automation around support or order tracking would help your team, we would welcome a short conversation. Warm regards, the Bitecodes team.",https://letsshave.com/pages/about-us; https://letsshave.com/pages/contact,,0,0
Chandigarh Sweets,Chandigarh,"North India — Delhi NCR, Jaipur, Chandigarh, Lucknow (20 entries)","An automated manufacturer and exporter of Indian sweets, frozen snacks, and namkeen running three FSSAI-licensed units (including one in Industrial Area Phase I, Chandigarh), with separate export, domestic, and franchise contact lines but no visible ordering or lead-management system.","Email info@chandigarhsweets.com / hello@chandigarhsweets.com; Phone (export) +91 9996163956, (domestic) +91 7496911402","Hello, we came across Chandigarh Sweets and its three FSSAI-licensed units producing sweets, snacks, and namkeen at scale, with separate lines for export, domestic, and franchise inquiries. Running that many channels through phone and email alone can slow down response times as the business grows. Bitecodes builds order-management systems and inquiry automation for manufacturers handling multiple business lines. If streamlining those export or franchise inquiries would help, we would welcome a short conversation. Warm regards, the Bitecodes team.",https://www.chandigarhsweets.com/; https://www.chandigarhsweets.com/contact-us,,0,0
DocPlix,Lucknow,"North India — Delhi NCR, Jaipur, Chandigarh, Lucknow (20 entries)","A healthcare-technology company whose own homepage describes it as ""Revolutionizing Healthcare with an AI-Enabled EHR & Decision Support System"" — a small, product-focused healthcare-tech team that is a plausible candidate for contract engineering or AI-automation capacity to extend its roadmap.",Email contact@docplix.com; WhatsApp +91 9675500666,"Hello, we came across DocPlix and its positioning around AI-enabled EHR and clinical decision support. Building that kind of product while also running a growing healthcare platform stretches most small engineering teams thin. Bitecodes provides contract engineering and AI-automation capacity for healthcare-tech teams that need to move faster without growing headcount immediately. If extra engineering bandwidth would help your roadmap right now, we would welcome a short conversation. Warm regards, the Bitecodes team.",https://www.docplix.com/; https://www.docplix.com/privacy-policy,,0,0
Financekaart,Lucknow,"North India — Delhi NCR, Jaipur, Chandigarh, Lucknow (20 entries)","A fintech describing itself as a ""credit-led Neo Bank for small business owners/MSMEs,"" using cash-flow-based AI underwriting instead of traditional credit scores, DIPP-recognized and registered with the UP IT & Electronics department. The honest pitch is engineering/AI capacity to support its underwriting model, not a website build.",Email info@financekaart.com; WhatsApp +91 8881098282; contact form on site,"Hello, we came across Financekaart and its approach to underwriting MSME credit by cash flow rather than a traditional credit score. That kind of AI-driven decisioning tends to need continuous engineering attention as loan volume grows. Bitecodes builds AI-automation and engineering capacity for fintech teams that need to move quickly on their credit models. If additional engineering support would help right now, we would welcome a short conversation about your roadmap. Warm regards, the Bitecodes team.",https://financekaart.com/,,0,0
Creste,Lucknow,"North India — Delhi NCR, Jaipur, Chandigarh, Lucknow (20 entries)","A Lucknow-based small brand selling subscription DIY activity kits (art, craft, science) for children aged 3 to 12, started during the pandemic to counter children's screen dependency — a small, founder-run consumer business whose storefront is likely to need stronger subscription-management or ordering tools as it grows.",Phone +91 8081026320; Email contact@crestekids.com,"Hello, we came across Creste and how it began during the pandemic to pull children away from screens and into hands-on art, science, and craft kits. As the subscription grows beyond your current storefront, order and kit-tracking needs tend to grow with it. Bitecodes builds e-commerce and subscription-management tools for small consumer brands based in India. If extra support around that side of the business would help, we would welcome a short conversation. Warm regards, the Bitecodes team.",https://crestekids.com/pages/about-us,,0,0
Aaji Care,Mumbai,"West India — Mumbai, Pune, Ahmedabad, Surat (21 entries)","Aged-care/healthcare provider (a Bitecodes specialty) running five physical centres across Mumbai (Versova, Andheri/D.N. Nagar, Thane), Pune (Kalyani Nagar), and Goa. Enquiries are split across several separate web forms rather than one coordinated intake system, which a small custom booking flow or AI intake chatbot could meaningfully simplify.",Phone +91 9920018184 (published on site); multiple inquiry forms; no plain-text email verifiable (mail-protection script).,"Hello Aaji Care team, We noticed your Versova, Andheri, Thane, Pune, and Goa centres each route inquiries through separate forms for dementia care, in-home care, and assisted living. Bitecodes builds web applications and AI chatbots for healthcare and aged-care providers, and we could combine these into a single intake flow that routes each family to the right centre and care plan automatically. Would a short call to discuss this be useful for your team? Regards, the Bitecodes team",https://aajicare.in/ ; https://aajicare.in/contact-us/,,0,0
Navkar Financial Services,Mumbai,"West India — Mumbai, Pune, Ahmedabad, Surat (21 entries)","Small finance-sector LLP (loan consultancy) that manually compares offers across ""30+ top banks and NBFCs"" for self-employed clients. A lead-qualification or eligibility-check chatbot fits directly into its existing positioning without needing a redesign.",Phone/WhatsApp +91 8097622022; Email support@nfsloan.in,"Hello Navkar Financial Services team, Your site promises self-employed clients quick, stress-free comparisons across 30+ banks and NBFCs for home loans, loan against property, and business loans. Bitecodes builds web apps and AI chatbots for finance businesses, and we could add a simple eligibility-checker or lead-qualification chatbot to your site so visitors get a first answer before they call, cutting the manual back-and-forth for your team. Open to a short call? Regards, the Bitecodes team",https://nfsloan.in/,,0,0
S. M. Engineering Works,Mumbai,"West India — Mumbai, Pune, Ahmedabad, Surat (21 entries)","Manufacturing SME (commercial kitchen equipment for hotels, restaurants, and hospitals) with a broad product catalog but a dated, directory-style website, no published email, and enquiries funnelled through one phone line and a basic form.","Phone 08043883228; no email published — site offers a ""SEND EMAIL"" contact-form option instead.","Hello S. M. Engineering team, Your stainless-steel kitchen equipment catalog covers everything from bratt pans to full commercial kitchen setups for hotels and hospitals, but enquiries still route through a single phone number and basic form. Bitecodes builds websites and lead-tracking tools for manufacturers, and we could build you a modern product catalog with instant quote requests, making it easier for hotel and hospital buyers to reach your team. Worth a short call? Regards, the Bitecodes team",https://www.smenggwork.com/ ; https://www.smenggwork.com/enquiry.html,,0,0
Hire Glocal,Mumbai,"West India — Mumbai, Pune, Ahmedabad, Surat (21 entries)","Recruitment SME (ISO 9001:2015 certified, founded 2012) built around a ""48-hour"" candidate-shortlist promise across pan-India and international searches — growth here depends on operational speed, which an AI screening assistant or client-facing tracking dashboard could directly support.",Phone (Corporates) +91 9930-1000-22; Email hello@hireglocal.com,"Hello Hire Glocal team, Your site highlights a 48-hour turnaround for candidate shortlists across your pan-India and international search practice. Bitecodes builds web apps and AI automation for recruitment businesses, and we could help you hold that promise as volume grows, for example an AI resume-screening assistant or a client dashboard that tracks each search in real time. Would your team be open to a short call about this? Regards, the Bitecodes team",https://hireglocal.com/contact-us/ ; https://hireglocal.com/about-us/,,0,0
Plan B,Mumbai,"West India — Mumbai, Pune, Ahmedabad, Surat (21 entries)",Retail/D2C kidswear brand with outside funding across four rounds and a growing bundle/size-range catalog — a scaling e-commerce operation that benefits from a sizing or support chatbot as order volume rises.,Phone (Customer Care) +918591331086; Email hello@yougotplanb.com; WhatsApp +91 91520 21196,"Hello Plan B team, Your Build-Your-Pack bundles and 7-day returns policy show real thought about parents shopping for kids' innerwear online. Bitecodes builds e-commerce features and AI chat support for growing D2C brands, and as your funding rounds fuel more volume, a sizing assistant that helps parents pick the right fit for their child could cut returns and support messages. Would a short call to explore this be useful? Regards, the Bitecodes team",https://www.yougotplanb.com/ ; https://www.yougotplanb.com/pages/contact-us ; https://inc42.com/company/plan-b/,,0,0
Matel Motion & Energy Solutions,Pune,"West India — Mumbai, Pune, Ahmedabad, Surat (21 entries)","Manufacturing/EV-powertrain startup that just closed a ₹130 crore Series B to scale production, R&D, and international expansion — actively growing and likely to need production-tracking or customer-facing systems well before it builds its own software team.",Email (Sales) sales@matel.co.in — no phone published.,"Hello Matel team, Congratulations on the recent Series B and the plan to expand into electric commercial vehicles and new international markets. Bitecodes builds web applications and internal tools for manufacturers, and as your R&D and production teams scale past 120,000 motors delivered, a custom dashboard for tracking production, testing, and distributor orders alongside your SAP setup could help you manage that growth. Would a short call to discuss this be useful? Regards, the Bitecodes team",https://www.matel.co.in/ ; https://www.matel.co.in/about-us ; https://evreporter.com/matel-motion-energy-solutions-secures-inr-130-cr-in-series-b-funding-led-by-uc-impower/,,0,0
16by64,Pune,"West India — Mumbai, Pune, Ahmedabad, Surat (21 entries)","Media/production company with 15 years of client work across ad films, TVCs, and live events, but its own public site currently shows placeholder/dummy imagery in place of real production stills — a concrete, fixable gap.",Email contact@16by64.com; Phone +91 8669991664; contact form also available.,"Hello 16by64 team, Your team has produced ad films, TVCs, and events for over 200 brands across 15 years, yet a few pages on 16by64.com are still showing placeholder images in place of your actual work. Bitecodes builds websites for media and production companies, and we could refresh your portfolio site so it matches the quality of the films you deliver for clients. Would a short call to discuss this be useful? Regards, the Bitecodes team",https://16by64.com/ ; https://16by64.com/contact/,,0,0
Econovus Packaging,Pune,"West India — Mumbai, Pune, Ahmedabad, Surat (21 entries)","Manufacturing startup that just closed its first institutional round (₹40 crore pre-Series A) after years as a bootstrapped, profitable business, and is now standing up a new manufacturing facility and design centre — a natural point to add internal systems it never needed while self-funded.","Email sales@econovus.co.in (also md@, crm@); Phone +91 787 575 8496","Hello Econovus team, Congratulations on closing your first institutional round with Rainmatter and Rockstud Capital after years of bootstrapped, profitable growth. Bitecodes builds web apps and internal tools for manufacturers, and as you stand up your new Chakan manufacturing facility and design centre, a custom system for managing quotes, packaging designs, and client orders could help your team scale without losing the process discipline you have built. Worth a short call? Regards, the Bitecodes team",https://econovus.co.in/ ; https://econovus.co.in/about ; https://startuptalky.com/news/daily-indian-funding-roundup-key-news-july-7-2026-econovus-packaging-raises-rs-40-cr-led-by-rainmatter-cult-fit-files-drhp-for-rs-950-cr-ipo/,,0,0
Megavision Diagnostics,Pune,"West India — Mumbai, Pune, Ahmedabad, Surat (21 entries)","Healthcare diagnostics centre (MRI, CT, pathology) recently acquired by Redcliffe Labs as part of a multi-city imaging network expansion — integration into a larger network typically creates near-term demand for shared booking and digital report-delivery systems.",Email info@megavisionscan.com; Phone (Pimpri) 08888861223 / 020 27445430; appointment form also available.,"Hello Megavision team, Congratulations on joining the Redcliffe Labs network alongside your Pimpri and Nigdi imaging centres. Bitecodes builds web apps and automation for healthcare providers, and as your MRI and CT services connect into a larger, 220-city network, a shared patient portal for appointment booking and digital report delivery could make that integration smoother for your staff and patients alike. Would a short call to discuss this be useful? Regards, the Bitecodes team",https://www.megavisionscan.com/contact-us/ ; https://www.indianstartuptimes.com/news/redcliffe-labs-acquires-punes-megavision-diagnostics-for-rs-40-crore-to-expand-imaging-network/,,0,0
Life & General Insurance and Reinsurance Brokers,Pune,"West India — Mumbai, Pune, Ahmedabad, Surat (21 entries)","Finance SME (20 years in business, IRDAI-licensed insurance broker) running three offices — Pune, Mumbai, and Chennai — across life, health, marine, property, engineering, aviation, and motor lines, with no visible client self-service tooling on its site.",Phone (Pune Head Office) +91 88302 80122 / +91 20 25551000-23,"Hello Life & General Insurance team, Your 20 years of broking across life, health, marine, property, and aviation cover, run from three offices in Pune, Mumbai, and Chennai, is a lot of policy and claims detail for clients to track by phone or fax. Bitecodes builds web apps and chatbots for finance businesses, and a client portal or claims-assistance chatbot could give your policyholders one consistent place to check cover and file claims. Worth a short call? Regards, the Bitecodes team",https://www.lnginsurance.com/,,0,0
Fantail,Surat,"West India — Mumbai, Pune, Ahmedabad, Surat (21 entries)","B2B man-made-fibre textile manufacturer that closed a ₹13.75 crore seed round in 2025, earmarked partly for ""developing backend technologies"" and strengthening its technical team. Its current site is a basic Shopify template with no operational/supply-chain software — a direct opening against its own stated tech-investment plan.","No public contact channel found — Contact page lists only facility addresses, no email/phone/form.","Hello Fantail team, congratulations on your recent seed round and on building Surat's first MMF brand for enterprise fashion retail. We saw that part of the funding is earmarked for backend technology and a stronger technical team as you scale across your Sachin, Udhna, Kim, and Palsana units. Bitecodes builds custom web and enterprise software, including production-tracking and supply-chain tools, that could support that roadmap without a large in-house build-out. Open to a short call? — the Bitecodes team",https://fantail.in/pages/about-us ; https://fantail.in/pages/contact ; https://indiantextilejournal.com/fantail-raises-rs-130-75-mn-seed-funding-for-textile-manufacturing-startup/,"Warm — opens with a specific, genuine congratulation. Authoritative — cites the company's own stated plan before pitching.",1,0
Swastik Placement Agency,Ahmedabad,"West India — Mumbai, Pune, Ahmedabad, Surat (21 entries)","Recruitment/payroll consultancy in manufacturing, engineering, pharma, and IT hiring. Functional but visually dated site — clear website-modernization angle in the recruitment vertical.",Phone +91-787-888-9696 / +91-963-831-7772; Email hr@swastikplacement.in,"Hello Swastik Placement team, we came across your consultancy while researching recruitment firms serving Ahmedabad's manufacturing, engineering, and IT employers. Your site already handles candidate registration and CV submission, and we think a refreshed, faster front end plus an AI chatbot for first-line candidate and client queries could free your consultants to focus on placements rather than routine questions. Bitecodes builds websites, web apps, and AI chatbots for service businesses like yours. Would you be open to a short call to discuss? — the Bitecodes team",https://swastikplacement.in/,Warm — acknowledges what already works before suggesting change. Authoritative — names a specific capability rather than a generic pitch.,0,0
Passtela Care,Ahmedabad,"West India — Mumbai, Pune, Ahmedabad, Surat (21 entries)","In-home healthcare provider (nursing, elder care, maternity, physiotherapy, diagnostics, ambulance). Brochure-style site with only a consultation-request form — no booking system or patient portal.",Email care@passtelacare.com; Phone +91 9099993666; consultation request form.,"Hello Passtela Care team, we admire the range of in-home nursing, elder care, and physiotherapy services you offer across Ahmedabad. Your website currently routes every enquiry through a contact form, and we think an online booking system, paired with a simple WhatsApp or web chatbot for scheduling and follow-ups, could reduce phone load on your 24-hour care line and make it easier for families to book care quickly. Bitecodes builds this kind of healthcare booking software. Open to a short call? — the Bitecodes team",https://passtelacare.com/,Warm — leads with genuine appreciation for the care model. Authoritative — ties the suggestion to their own published 24-hour line.,0,0
Cosmos Production,Ahmedabad,"West India — Mumbai, Pune, Ahmedabad, Surat (21 entries)","Corporate video/film production house with over a decade in the industry; contemporary site layout but visibly broken image assets — a concrete, fixable technical gap.",Phone +91 72850 97097; Email jay.cosmosproduction@gmail.com; contact form.,"Hello Cosmos Production team, your portfolio of corporate films and TVCs for Ahmedabad brands is impressive, especially with a 10-year track record. While reviewing your site, we noticed a few portfolio images are not loading correctly, which can undercut a strong show reel. Bitecodes builds and maintains websites and web apps, and we could fix these issues and add a lightweight client portal for project approvals and file delivery. Would you be open to a short call about this? — the Bitecodes team",https://www.cosmosproduction.com/,"Warm — compliments the track record first. Authoritative — flags a specific, verifiable defect, then offers a bounded fix.",0,0
NAKODA Diagnostics and Research Center,Surat,"West India — Mumbai, Pune, Ahmedabad, Surat (21 entries)","Home-visit diagnostics provider (ECG, pathology, X-ray) citing 100,000+ home visits since 2010. Site has placeholder text and broken images, no patient report portal, and relies on WhatsApp for booking.",Phone +91 74058 78379; Email md@nakodadiagnostics.in; WhatsApp booking.,"Hello Nakoda Diagnostics team, home ECG, pathology, and X-ray testing across Surat is a genuinely useful service, and 100,000+ home visits is a strong track record. We noticed your website still has placeholder text in places and relies on WhatsApp for booking, with no online portal for patients to view reports. Bitecodes builds patient portals, booking systems, and simple chatbots for healthcare providers, and could help modernize this without disrupting your WhatsApp workflow. Open to a short call? — the Bitecodes team",https://nakodadiagnostics.in/,Warm — respects their existing WhatsApp workflow instead of dismissing it. Authoritative — cites the exact gap found on their own site.,0,0
V. Arvindkumar & Co.,Surat,"West India — Mumbai, Pune, Ahmedabad, Surat (21 entries)","Natural polished diamond manufacturer/exporter (Hirabaug-Kapodra production, Bharat Diamond Bourse Mumbai trading office). Website design dates to roughly 2015–2018 with basic navigation and no modern B2B features.",Phone +91 22 3392 7895 / +91 22 3392 6128 (site email link renders obfuscated/unreadable).,"Hello V. Arvindkumar & Co. team, your work manufacturing and exporting natural polished diamonds from Surat, with a further office at Bharat Diamond Bourse in Mumbai, spans an impressive range of cuts and sizes. Your website's design and navigation look several years old next to newer B2B diamond sites, which may undersell your catalogue to overseas buyers. Bitecodes builds modern B2B websites and inquiry systems for manufacturers and exporters. Would you be open to a short call to discuss a refresh? — the Bitecodes team",https://www.varvindkumar.com/,"Warm — frames the critique as protecting a strength, not criticizing the business. Authoritative — direct about the dated design without hedging.",0,0
Vision Capital,Ahmedabad,"West India — Mumbai, Pune, Ahmedabad, Surat (21 entries)","NBFC/financial consultancy for MSME machinery loans and government subsidy procurement, six Gujarat locations, claimed ₹100+ crore turnover. Live site has broken image placeholders — under-maintained web infrastructure.","Phone +91-7435923704 / +91-8980018899; Email info.visioncapital@gmail.com; ""Apply Now"" form.","Hello Vision Capital team, helping Gujarat's MSMEs secure machinery loans and government subsidy schemes across six locations is valuable work, especially with the client base you have built over 12 years. We noticed a few broken image placeholders on your site, which is worth fixing before a prospective borrower's first impression. Bitecodes builds and maintains business websites and can also add a simple eligibility-check chatbot for loan enquiries. Would you be open to a short call about this? — the Bitecodes team",https://www.visioncapital.co.in/,"Warm — credits the 12-year client base before raising the issue. Authoritative — ties the fix to borrower trust, a business consequence.",0,0
Atomic Engineering Industries,Ahmedabad,"West India — Mumbai, Pune, Ahmedabad, Surat (21 entries)",ISO 9001:2015 and CE-marked manufacturer of process pumps and valves serving twelve industrial sectors (pharma to power plants). Site carousel/layout noticeably behind the certifications held.,Phone +91 9081821010; Email requirement@atomiceng.com; contact form.,"Hello Atomic Engineering Industries team, manufacturing ISO-certified process pumps and valves for twelve industries, from pharma to power plants, out of Odhav GIDC is exactly the kind of specialised engineering Ahmedabad is known for. Your website's carousel and layout feel a generation behind your certifications, which can matter when overseas buyers are comparing suppliers online. Bitecodes builds modern, fast B2B websites and product-enquiry systems for manufacturers. Would you be open to a short call to discuss a refresh? — the Bitecodes team",https://www.atomiceng.com/,"Warm — genuine respect for the technical certifications. Authoritative — links the website gap to a specific business risk, not opinion.",0,0
RG Placement Services,Surat,"West India — Mumbai, Pune, Ahmedabad, Surat (21 entries)","Recruitment/HR consultancy reporting 1,320 successful placements and 500+ employer relationships. Clearly dated (circa 2018–2020) website design — Surat's recruitment-sector counterpart to Swastik Placement.",Phone +91 8690799988 / 0261 227 7800; Email info@rgplacement.com / hr@rgplacement.com; contact form.,"Hello RG Placement Services team, 1,320 successful placements and 500+ employer relationships is a strong record for a Surat-based consultancy. Your website's design looks a few years old compared to newer recruitment sites, and a refreshed site with an online candidate-screening chatbot could help your team handle enquiries faster during busy hiring seasons. Bitecodes builds websites, web apps, and AI chatbots for service businesses. Would you be open to a short call to discuss this? — the Bitecodes team",https://rgplacement.com/,Warm — opens on their own published success metric. Authoritative — proposes a named feature tied to a real operational pain point.,0,0
KITES Senior Care,Bengaluru,"South India — Bengaluru, Hyderabad, Chennai, Kochi, Coimbatore (24 entries)","Specialist geriatric-care operator (post-surgery rehab, palliative, dementia care) running centers across six cities from a Bengaluru base. A lean care operator with multiple center-specific pages that plausibly needs one coordinated booking and family-communication system rather than in-house development.",Phone +91 99800 67000; Email hello@kitesseniorcare.com; contact form on homepage.,"Hello KITES team, we noticed KITES now cares for elders across six cities, from HBR Layout and Kanakapura Road to Hennur Road, each with its own admissions and rehab intake process. Bitecodes is a software studio that builds booking systems, family-facing portals, and simple AI chatbots that can triage a caregiver's first WhatsApp query before a coordinator gets involved. If a single intake tool across your centers would help, we would welcome a short call. — the Bitecodes team",https://kitesseniorcare.com/,"Warm (names real locations) and authoritative (concrete deliverables, no filler).",0,0
Vistaar Finance,Bengaluru,"South India — Bengaluru, Hyderabad, Chennai, Kochi, Coimbatore (24 entries)","NBFC lender to MSMEs, 265 branches across 12 states, Warburg Pincus-backed, record FY2023 disbursements — fast branch growth plausibly outpacing internal tooling for loan officers and field agents.",Email contact.us@vistaarfinance.com; Phone 080-30088494,"Hello Vistaar team, congratulations on scaling to 265 branches across 12 states while keeping focus on India's ""missing middle"" MSMEs. Bitecodes is a software studio building loan-origination dashboards, field-agent apps, and self-service portals for finance businesses expanding this fast. If your branch teams are stretched on manual paperwork or reporting, we would welcome a short conversation about a focused, fast-to-deploy tool that fits your existing process. — the Bitecodes team",https://www.vistaarfinance.com/about-us,Warm and specific; authoritative on capability.,0,0
Xpheno,Bengaluru,"South India — Bengaluru, Hyderabad, Chennai, Kochi, Coimbatore (24 entries)","Specialist IT/engineering staffing agency — a talent-placement business, not a software vendor. Places thousands of specialists monthly across six offices, including Hyderabad; plausibly wants candidate-screening automation without becoming a tech company itself.",Phone +91 98453 31138; Email engage@xpheno.com,"Hello Xpheno team, placing thousands of specialists a month across six offices, including Hyderabad, likely means real time spent on repetitive screening and status updates. Bitecodes is a software studio building lightweight AI chatbots and candidate/client portals that handle first-pass screening, freeing recruiters for placements needing judgment. If that would help your Bengaluru or Hyderabad teams move faster, we would welcome a short call to discuss a scoped pilot. — the Bitecodes team",https://www.xpheno.com/about ; https://www.xpheno.com/contact,Warm (acknowledges workload) and authoritative (specific build).,0,0
Ekya Schools,Bengaluru,"South India — Bengaluru, Hyderabad, Chennai, Kochi, Coimbatore (24 entries)","K-12 school group, six Bengaluru campuses under one CBSE/ICSE/IGCSE brand; relies on third-party tools for booking, with some redundancy across campus-specific pages — a growing, non-software operator that plausibly wants one consolidated admissions portal.",Phone 080-46809096; Email info@ekyaschools.com,"Hello Ekya Schools team, running six campuses on one CBSE, ICSE, and IGCSE brand as you mark fifteen years is a real achievement. We noticed each campus links out to separate booking and enquiry tools, which can make a parent's first visit feel fragmented. Bitecodes builds unified admissions and parent portals for growing school groups. If consolidating enquiries and campus updates into one system would help your admissions team, we would welcome a short conversation. — the Bitecodes team",https://ekyaschools.com/contact-us/,Warm (celebrates milestone) and authoritative.,0,0
Mythri Movie Makers,Hyderabad,"South India — Bengaluru, Hyderabad, Chennai, Kochi, Coimbatore (24 entries)","Major Telugu film production house behind *Pushpa* and other blockbusters. Own site is basic and visibly dated relative to the brand's reach — an honest, specific web-presence gap.",Phone +91 40 23551866; Email info@mythrimoviemakers.com,"Hello Mythri team, Pushpa and Rangasthalam gave Mythri some of Telugu cinema's biggest fan followings, yet your official website still runs on a fairly basic, dated template that undersells that reach. Bitecodes builds modern websites and simple AI chatbots that could give fans a proper hub for release updates and trailers around each title. If refreshing mythrimoviemakers.com ahead of an upcoming release is worth discussing, we would be glad to share ideas. — the Bitecodes team",https://mythrimoviemakers.com/,"Specific and honest, direct about the gap without being unkind.",0,0
Namdhari's Fresh,Bengaluru,"South India — Bengaluru, Hyderabad, Chennai, Kochi, Coimbatore (24 entries)","Fresh-produce retail chain, 29 stores in Bengaluru. A plain fetch of the homepage returned only a blank loading shell — a concrete client-side-rendering gap for a store-locator-dependent retail brand.",Phone +91 80 67922525 / 27; Email info@namdharifresh.com,"Hello Namdhari's Fresh team, twenty-nine stores across Bangalore and twenty years of GLOBAL G.A.P.-certified farming is a strong story, but your homepage currently loads as a blank screen until scripts finish running, which likely costs search visibility and mobile customers. Bitecodes fixes exactly this: fast-loading retail sites and store locators. If a technical review of namdharifresh.com would help, we would welcome a short call. — the Bitecodes team",https://www.namdharifresh.com/ (required a rendering browser; plain fetch returned an empty shell),"Warm framing around a technical critique; authoritative, not alarmist.",0,0
Milann Fertility,Bengaluru,"South India — Bengaluru, Hyderabad, Chennai, Kochi, Coimbatore (24 entries)","Fertility/women's-health hospital chain, six centers with several in Bengaluru, 36+ years, still expanding — a multi-center specialty provider well-suited to a unified booking/triage layer.",Phone 9513310580; Email info@milann.co.in,"Hello Milann team, with centers across Jayanagar, HSR, Whitefield, Indiranagar, and Sarjapur, keeping appointment booking and follow-up consistent must be a real operational challenge. Bitecodes builds patient portals and AI chatbots for healthcare providers, the kind that can triage a first fertility enquiry or coordinate a follow-up scan across your Bengaluru centers. If a single, center-agnostic booking system would ease pressure on your front-desk teams, we would welcome a short conversation. — the Bitecodes team",https://www.milann.co.in/,Warm and authoritative; grounded in real center names.,0,0
iD Fresh Food,Bengaluru,"South India — Bengaluru, Hyderabad, Chennai, Kochi, Coimbatore (24 entries)","Packaged fresh-food manufacturer (batters, parathas), exporting to 10 countries, actively hiring — international scale plausibly needs distributor-onboarding or ordering tools beyond a contact-form dropdown.",Phone +91 9739910521; Email customercare@idfreshfood.com,"Hello iD Fresh Food team, going from a single Tippasandra shop to shelves in ten countries is a genuine growth story. At that scale, distributor onboarding and product-availability queries, both still routed through a contact-form dropdown, often become a bottleneck. Bitecodes builds distributor portals and WhatsApp-based ordering assistants for food manufacturers scaling internationally. If a focused tool to lighten that load would help, we would welcome a short call. — the Bitecodes team",https://www.idfreshfood.com/ ; https://www.idfreshfood.com/contact-us/,Warm (origin story) and authoritative (named gap plus fix).,0,0
24 Mantra Organic (Sresta Natural Bioproducts),Hyderabad,"South India — Bengaluru, Hyderabad, Chennai, Kochi, Coimbatore (24 entries)","Organic food manufacturer sourcing from 34,000+ farmers across 190,000+ acres — a farm-to-fork traceability claim at this scale is a strong candidate for a verifiable tracking tool rather than a stated claim.",Toll-free 1800 208 2424; Phone 040 40072526,"Hello 24 Mantra Organic team, coordinating certified-organic sourcing from over 34,000 farmers across 190,000 acres is a serious traceability challenge, and your site already leans on that farm-to-fork story. Bitecodes builds simple traceability dashboards and farmer-facing data tools that make that story verifiable in real time rather than just stated on a webpage. If a focused pilot with one region or crop is worth exploring, we would welcome a short conversation. — the Bitecodes team",https://24mantraorganic.com/,Specific and confident; avoids generic sustainability language.,0,0
Continental Hospitals,Hyderabad,"South India — Bengaluru, Hyderabad, Chennai, Kochi, Coimbatore (24 entries)","585-bed multi-specialty hospital in Gachibowli; juggles four separate booking channels (phone, two WhatsApp lines, portal, app) for appointments — a fragmentation problem an AI chatbot could genuinely simplify.",Phone +91 4067 000 000 (appointments) / +91 4067 000 111 (emergency); WhatsApp +91 7386299904 / +91 7799360360.,"Hello Continental Hospitals team, offering appointments through phone, two WhatsApp numbers, a portal, and an app gives patients choice, but likely means front-desk staff juggle four channels for one task. Bitecodes builds AI chatbots that unify multi-channel booking into one consistent flow, without removing any channel patients already use. If a pilot on one department, such as your Fertility or Cancer Centre, is worth reviewing, we would welcome a short call. — the Bitecodes team",https://continentalhospitals.com/about-us/ ; https://continentalhospitals.com/contact-us/,Warm and authoritative; specific to their named centers.,0,0
Aragen Life Sciences,Hyderabad,"South India — Bengaluru, Hyderabad, Chennai, Kochi, Coimbatore (24 entries)","Contract research, development, and manufacturing organization for global pharma/biotech, facilities across five Indian cities and California — multi-site GMP operations plausibly need client-status portals outside the scientific core.","Phone +91 40 6692 9999; ""Get in Touch"" contact form on site.","Hello Aragen team, running six GMP facilities across Hyderabad, Bengaluru, Pune, Visakhapatnam, and California for pharma and biotech clients worldwide means real coordination happens outside your core science. Bitecodes builds client portals and REST API integrations that connect multi-site operations without disrupting lab workflows. If a scoped project to unify client-facing status reporting across sites is worth a conversation, we would welcome the chance to talk. — the Bitecodes team",https://www.aragen.com/our-company/about-us/,"Authoritative and technically credible; warmth understated, fitting a B2B scientific audience.",0,0
Sivamurugan Auto Components,Chennai,"South India — Bengaluru, Hyderabad, Chennai, Kochi, Coimbatore (24 entries)","Manufacturing SME producing sheet-metal, molded, and CNC-turned components for OEM buyers, restructured into a private limited company in 2021. Site runs on a dated template with duplicated navigation and inconsistent copy — a real gap for a business courting OEM procurement.",Phone +91 988 497 6666; Email marketing@smacpl.co.in,"Hello Sivamurugan team, your move from M/s MK Industries into a private limited company producing stamped, molded, and CNC-turned components for OEM buyers marks real manufacturing growth. Bitecodes builds modern B2B websites and simple quote-request tools for manufacturers, which could help present your stamping and forging capability more clearly to prospective OEM clients than the current site does. If a refreshed site or an online enquiry system would help your team, a short conversation may be worthwhile. Regards, the Bitecodes team",https://www.smacpl.co.in/,Warm — opens on the genuine 2021 restructuring; authoritative — names concrete deliverables tied to a verified gap.,0,0
Aashish Auto Components,Chennai,"South India — Bengaluru, Hyderabad, Chennai, Kochi, Coimbatore (24 entries)","60-year-old sheet-metal and precision-press manufacturer serving automotive, rail, defence, and solar OEMs. Modern site, but its footer lists only two mobile numbers and no company email anywhere.",Phone +91 98407 62299 / 98842 61375; no email found on site.,"Hello Aashish Auto Components team, six decades of supplying sheet-metal and precision press components to OEMs across automotive, rail, defence, and solar is a genuine record. We noticed your website lists only two mobile numbers, with no company email anywhere on the page, which may slow down OEM procurement teams used to written RFQs. Bitecodes builds B2B manufacturing websites with proper enquiry and quote-request systems. If adding that layer would help your team capture more OEM leads, we would welcome a short conversation. Regards, the Bitecodes team",https://www.aashishauto.com/,Warm — leads with genuine respect for the 60-year record; authoritative — cites the exact missing element.,0,0
Fish Eye Creations,Chennai,"South India — Bengaluru, Hyderabad, Chennai, Kochi, Coimbatore (24 entries)","Corporate video agency founded 2006, 1,000+ projects for clients such as Aditya Birla Group and VKC Footwear, offices in five cities. No booking, briefing, or review portal visible — coordination across locations likely still runs on phone and email.",Phone (Chennai) +91 87545 85148 / +91 90435 41119 / +91 44-45563363; listed email is obscured by a non-rendering script.,"Hello Fish Eye Creations team, producing over a thousand corporate films for clients such as Aditya Birla Group and VKC Footwear across five city offices is a strong record since 2006. Coordinating briefs, footage reviews, and approvals across Chennai, Mumbai, Delhi, Bengaluru, and Kochi by phone alone can slow a production down. Bitecodes builds client review portals and booking tools for production houses, so approvals and scheduling do not depend on someone being reachable by call. Open to a short conversation? Regards, the Bitecodes team",https://www.fisheyecreations.com/ ; https://www.fisheyecreations.com/contact,Warm — names specific real clients and cities; authoritative — proposes a named tool tied to their actual footprint.,0,0
Sirina Senior Care,Chennai,"South India — Bengaluru, Hyderabad, Chennai, Kochi, Coimbatore (24 entries)","Home-healthcare/geriatric-care provider running four facilities across South Chennai. ""Book Appointment"" leads only to a generic contact form, and experience/testimonial counters still literally read ""0+"" and ""0%"" — unfinished template defaults.",Phone +91 9025 887777; Email info@sirinahealth.com,"Hello Sirina Senior Care team, running geriatric care, home nursing, and rehabilitation across four South Chennai locations is valuable work for families managing a parent's care. We noticed your site's experience and testimonial counters still display as ""0+"" and ""0%,"" and the Book Appointment button leads to a general contact form rather than real scheduling. Bitecodes builds booking systems and simple chatbots for healthcare providers, and could help close that gap. Would a short conversation about this be useful? Regards, the Bitecodes team",https://sirinahealth.com/,Warm — frames around families' real needs first; authoritative — cites exact placeholder text found on the page.,0,0
Kuruwa Enterprises,Kochi,"South India — Bengaluru, Hyderabad, Chennai, Kochi, Coimbatore (24 entries)","Spice exporter (nutmeg, dry ginger, pepper), founder has 25 years in the trade. Footer reads ""2016 ALL RIGHTS RESERVED,"" several dead social links, and an expired SSL certificate — verifiable evidence of a neglected web presence for an active exporter.",Email export@kuruwa.in; Fax +91 484 2238551 / 2236551.,"Hello Kuruwa Enterprises team, exporting nutmeg and dry ginger to US and European buyers for years, built on 25 years of spice-trade experience, is a genuine achievement. We noticed your website's copyright notice still reads 2016 and its security certificate has expired, which can concern overseas buyers checking a supplier online before placing an order. Bitecodes builds and maintains B2B export websites, so your online presence matches the quality of your spice trade itself. Would a short conversation about a refresh be useful? Regards, the Bitecodes team",http://www.kuruwa.in/aboutus.php,Warm — credits the 25-year expertise before raising the issue; authoritative — names exact technical faults.,0,0
Baby Marine Group,Kochi,"South India — Bengaluru, Hyderabad, Chennai, Kochi, Coimbatore (24 entries)","Seafood exporter, India's first producer of organic shrimp, facilities across four states exporting to Japan and the Middle East. Homepage still contains visible Lorem Ipsum paragraphs and ""0+"" placeholder statistics.",Email info@babymarinegroup.com; Phone +91 484 2231251,"Hello Baby Marine Group team, being the first producer of organic shrimp in India, with processing facilities across four states and export brands reaching Japan and the Middle East, is a significant achievement. We noticed your homepage still shows unfinished placeholder text and 0+ statistics in places, which understates that scale to a first-time visitor. Bitecodes builds and maintains B2B export websites, and could help finish and polish the site to match your actual production footprint. Would a short conversation about this be useful? Regards, the Bitecodes team",https://www.babymarinegroup.com/,"Warm — opens on a verified, genuine achievement; authoritative — points to literal Lorem Ipsum text as evidence.",0,0
Associated Rubber Chemicals (Assochem),Kochi,"South India — Bengaluru, Hyderabad, Chennai, Kochi, Coimbatore (24 entries)","Rubber-chemicals manufacturer since 1990, exporting zinc oxide, tread-marking inks, and specialty compounds to Europe, Latin America, and Southeast Asia. Site shows legacy carousel graphics, a stale copyright anomaly, and a spelling error.",Phone +91 9495999349 / +91 9388610189 / +91 484 2339190; Email marketing@assochem.in,"Hello Assochem team, manufacturing zinc oxide, tread-marking inks, and specialty rubber compounds for customers across Europe, Latin America, and Southeast Asia since 1990 reflects genuine export reach for a Kochi manufacturer. We noticed a few small details on your site, including a spelling slip and legacy carousel graphics, that undersell that reach to an overseas buyer's first impression. Bitecodes builds and refreshes B2B manufacturing websites, and could help tidy this up to match your actual export footprint. Would a short conversation be useful? Regards, the Bitecodes team",https://www.assochem.in/,"Warm — respects the 35-year export history first; authoritative — cites specific, verifiable details.",0,0
Kochin Overseas,Kochi,"South India — Bengaluru, Hyderabad, Chennai, Kochi, Coimbatore (24 entries)","Overseas recruitment/immigration consultancy placing Kerala candidates into the UAE, Canada, Australia, the UK, and Europe. Homepage still displays placeholder ""0+"" counters for experience, clients, and placements.",Phone +91 8891310069 / +91 8891510069; Email overseaskochin@gmail.com,"Hello Kochin Overseas team, helping Kerala candidates reach jobs in the UAE, Canada, Australia, the UK, and Europe is a genuinely useful service. We noticed your website's experience, client, and placement counters still display as ""0+,"" which can undercut trust for a candidate or employer comparing consultancies online for the first time. Bitecodes builds and finishes B2B and consultancy websites, and could help close that gap so the site matches the service you actually provide. Would a short conversation about this be useful? Regards, the Bitecodes team",https://kochinoverseas.com/,Warm — leads with the service's genuine value to candidates; authoritative — anchored to literal on-page evidence.,0,0
K.P. Textiles (CBE) Pvt Ltd,Coimbatore,"South India — Bengaluru, Hyderabad, Chennai, Kochi, Coimbatore (24 entries)","Vertically integrated mill running 50,000 spindles and its own weaving unit producing 10 lakh metres of grey cloth, with 2,000+ yarn shades. Product copy cuts off mid-sentence and several images fail to load.",Email kp.tex.cbe@gmail.com; Mobile +91-9047801717 / +91-9363100008 / +91-9787727388; Phone 04255-277388 / 277848,"Hello K.P. Textiles team, running 50,000 spindles and a weaving unit producing 10 lakh metres of grey cloth, with over 2,000 yarn shades, is a substantial operation for a Palladam mill. We noticed some product descriptions on your site cut off mid-sentence, and a few images do not load, leaving buyers with an incomplete picture of your range. Bitecodes builds and repairs B2B manufacturing websites and catalogues. If fixing this would help present the mill accurately, we would welcome a short conversation. Regards, the Bitecodes team",https://www.kptextiles.in/,Warm — genuinely impressed by the scale before critiquing; authoritative — names the exact defects found.,0,0
Abirami Pumps,Coimbatore,"South India — Bengaluru, Hyderabad, Chennai, Kochi, Coimbatore (24 entries)","Industrial process-pump manufacturer, 25+ years, ~700 pump models, 500+ customers across pulp, chemical, pharma, and power sectors. Site publishes phone numbers only — no email, no online spec-sheet or quote-request system.",Phone 0422–244 3813 / +91 73975 99799; no email published; contact form on site.,"Hello Abirami Pumps team, offering close to 700 pump models across pulp and paper, chemical, pharmaceutical, and power-generation applications after 25 years in business is a genuinely wide catalogue. We noticed your website lists phone numbers but no email address, and no way for an engineer to request a spec sheet or quote online for a specific model. Bitecodes builds enquiry and quote-request systems for industrial manufacturers. If that would help your team handle enquiries at this scale, we would welcome a short conversation. Regards, the Bitecodes team",https://abiramipumps.com/,Warm — respects the 25-year history and catalogue breadth; authoritative — names the specific missing capability.,0,0
KMP Industries,Coimbatore,"South India — Bengaluru, Hyderabad, Chennai, Kochi, Coimbatore (24 entries)","Submersible and centrifugal pump manufacturer since 1989. Footer still shows a placeholder ""contact@example.com"" address left over from its theme template, alongside its real phone and email.",Email info@kmpindustries.com; Phone +91 422 2975 805; Toll-free 18008 333 133,"Hello KMP Industries team, manufacturing submersible and centrifugal pumps since 1989 under ""Our Technology Your Success"" is a long track record for a Coimbatore manufacturer. We noticed your website's footer still shows a placeholder ""contact@example.com"" address left over from the site template, alongside your real phone and email details, which can look unfinished to a new buyer. Bitecodes builds and cleans up B2B manufacturing websites so the finished product matches the real business behind it. Would a short conversation about this be useful? Regards, the Bitecodes team",https://kmpindustries.com/,Warm — opens on the company's own tagline and history; authoritative — cites the literal placeholder email as proof.,0,0
AQF India,Coimbatore,"South India — Bengaluru, Hyderabad, Chennai, Kochi, Coimbatore (24 entries)","Precision-component manufacturer (CNC machining, foundry, plastic injection moulding), 50+ years, ISO 9001:2015 and TÜV NORD certified, two Coimbatore facilities. ""Awards"" link opens a raw image file, several links go nowhere, and a footer link redirects to an unrelated domain.",Email info@aqfindia.com; Phone +91 90873 29995 / +91 87548 77759,"Hello AQF India team, running CNC machining, foundry, and plastic injection moulding across two Coimbatore facilities for over 50 years, with ISO 9001:2015 and TÜV NORD certification, is a serious industrial operation. We noticed a few technical issues on your site: an Awards link that opens a raw image file, some dead links, and a footer link that redirects to an unrelated domain. Bitecodes maintains and rebuilds B2B manufacturing websites, catching exactly this kind of drift. Would a short conversation about a cleanup be useful? Regards, the Bitecodes team",https://aqfindia.com/,"Warm — genuinely credits the certifications and scale; authoritative — lists three specific, verifiable defects.",0,0
Porosh Elder Care,Kolkata,"East India — Kolkata, Bhubaneswar (9 entries; Indore/Nagpur pending)","Home-based elder care provider (nursing, dementia/geriatric care, home ICU, dialysis/chemo assistance), 7th year, registered private limited company. Enquiries route through three separate personal phone lines rather than any online booking system.",Phone +91 9147096668 / +91 7439852047 / +91 8697131764; Email info@poroshkolkata.org,"Dear Porosh team, congratulations on reaching your 7th year caring for Kolkata's senior citizens through the Aastha, Sneho, and Sarathi packages. We noticed enquiries currently route through three separate phone lines, and wondered whether a simple online booking and caregiver-scheduling system might ease that load during emergency requests. Bitecodes builds web and mobile tools for healthcare and aged-care providers across India. We would welcome a short call to explore whether this could help your team. Warm regards, the Bitecodes team",https://www.poroshkolkata.org/,"Warm — names their actual care packages. Authoritative — one concrete observation, one concrete capability.",0,0
TruScan Diagnostic Centre,Bhubaneswar,"East India — Kolkata, Bhubaneswar (9 entries; Indore/Nagpur pending)","Diagnostic centre near AIIMS Bhubaneswar (CT, ultrasound, cardiac testing, home collection). Dated Bootstrap template, visible typos, no online appointment booking, no published email.",Phone +91 9437133437 / +91 8658665990; contact form on site; no email published.,"Dear TruScan team, your CT, ultrasound, and home-collection services near AIIMS clearly keep patients moving through the door, yet your website currently has no online appointment booking and no listed email address, which may cost you enquiries after hours. Bitecodes designs and builds websites and booking systems for diagnostic centres and clinics across India. We would be glad to show you a modern, mobile-friendly alternative with online scheduling and report delivery. Regards, the Bitecodes team",https://www.truscandiagnostics.com/,"Warm — credits their real patient traffic. Authoritative — specific technical gaps, concrete capability.",0,0
IGKC Multispecialty Hospital,Bhubaneswar,"East India — Kolkata, Bhubaneswar (9 entries; Indore/Nagpur pending)","Independent 200-bed hospital performing robotic urology and kidney transplants, runs Odisha's largest dialysis unit — yet its own site lists a Gmail address for hospital enquiries and contains department-name misspellings.",Phone 0674-6600000 / 91-7752049729; Email igkchospital@gmail.com,"Dear IGKC team, running Odisha's largest dialysis unit alongside robotic urology and kidney transplant care is a serious achievement for a stand-alone hospital. We noticed your enquiries currently route to a Gmail address rather than a dedicated hospital system, and thought a proper patient portal and appointment platform could match the calibre of care you already provide. Bitecodes builds websites and healthcare software for hospitals across India. We would welcome a short conversation. Regards, the Bitecodes team",https://www.igkchospitals.com/aboutnew.php,"Warm — leads with genuine respect for the clinical work. Authoritative — specific gap, specific offer.",0,0
Recruitment Mantra,Kolkata,"East India — Kolkata, Bhubaneswar (9 entries; Indore/Nagpur pending)","Staffing/HR consultancy (Salt Lake, Sector V), 15+ years, recruitment/leadership hiring/payroll. Homepage displays a fraud warning about fake job offers issued in its name; site design otherwise mid-2010s.",Phone 1800 572 4510; Email support@recruitmentmantra.com; WhatsApp +91 8274949426,"Dear Recruitment Mantra team, fifteen years of placing candidates across India is a genuine achievement, and we noticed your homepage now carries a fraud warning about fake job offers made in your name. A verified employer and candidate portal, or a simple chatbot that lets job seekers confirm a listing is genuine, could help protect that reputation while modernising a website that still reads as mid-2010s. Bitecodes builds this kind of software for recruitment firms. Regards, the Bitecodes team",https://recruitmentmantra.com/,Warm — credits their tenure. Authoritative — ties the pitch to a problem they themselves posted.,0,0
Kanak Bioscience and Research Pvt. Ltd.,Bhubaneswar,"East India — Kolkata, Bhubaneswar (9 entries; Indore/Nagpur pending)","Agri-biotech manufacturer of bio-fertilisers/pesticides/stimulants, works with tribal farmers, pursuing export markets. Site (copyright 2025) still shows placeholder ""0+"" impact counters and has no phone number or enquiry form anywhere.",Email admin@kanakbio.in; no phone/contact form found on site.,"Dear Kanak Bio team, your mission of connecting tribal farmers to organic export markets through bio-fertilisers and bio-stimulants is compelling. On your website, however, the impact counters still display placeholder zeros, and there is no phone number or enquiry form for the export buyers you are trying to reach. Bitecodes builds and finishes business websites, including lead-capture forms and simple CRM tools, for manufacturers across India. We would welcome a short conversation about completing yours. Regards, the Bitecodes team",https://www.kanakbio.in/,"Warm — genuine respect for the mission. Authoritative — names the exact defect, offers a bounded fix.",0,0
Planet Vidya,Bhubaneswar,"East India — Kolkata, Bhubaneswar (9 entries; Indore/Nagpur pending)","Competitive-exam coaching institute (SSC, banking, railways, OPSC/OSSC, IAS/OAS), founded 1999, centres in Bhubaneswar and Cuttack. Fragmented, dated site; published contact email is a Yahoo address.",Phone 9853355402 / 8093366809 / 9437081288; Email theplanetvidya@yahoo.com,"Dear Planet Vidya team, an institute founded in the aftermath of the 1999 Odisha Super Cyclone and still producing state and national toppers twenty-five years later has a genuine story to tell. Your enquiries, though, still route to a Yahoo address, and the website reads as fragmented across your SSC, banking, and OPSC pages. Bitecodes builds websites and simple student portals for coaching institutes and schools. We would welcome the chance to discuss a version that matches your results. Regards, the Bitecodes team",http://theplanetvidya.org/ssc/,"Warm — honours the founding story. Authoritative — concrete, verifiable observations only.",0,0
Eskay Movies,Kolkata,"East India — Kolkata, Bhubaneswar (9 entries; Indore/Nagpur pending)","Bengali (Tollywood) film production/distribution house, credited with at least nine 2025 releases. Its own site is currently only a ""Coming Soon"" splash page with zero contact information — a stark mismatch between real output and web presence.","No public contact channel found (homepage has no phone, email, or form).","Dear Eskay Movies team, releasing eighteen Bengali films in a single year is a remarkable pace for any production house, which is why it was surprising to find eskaymovies.com showing only a 'Coming Soon' page with no way to get in touch. Bitecodes builds websites and simple production-catalogue or press portals for media and entertainment companies across India. If a proper site for Eskay is on your list this year, we would welcome the opportunity to help build it. Regards, the Bitecodes team",https://eskaymovies.com/ ; https://en.wikipedia.org/wiki/List_of_Indian_Bengali_films_of_2025 (activity verification),"Warm — genuine admiration for their output. Authoritative, though the close is necessarily soft since no reply channel exists.",1,0
R.R. Agarwal Jewellers,Kolkata,"East India — Kolkata, Bhubaneswar (9 entries; Indore/Nagpur pending)","Gold/diamond/antique jewellery retailer, multiple Kolkata showrooms. The site's SSL certificate has expired, so most browsers block or hard-warn against it entirely — company facts corroborated via public registry (ZaubaCorp) since the site itself could not be read.",No public contact channel found (own website inaccessible).,"Dear R.R. Agarwal Jewellers team, in trying to view your website ahead of this note, we found that rragarwal.com now fails to load because its security certificate has expired, meaning most visitors' browsers are likely blocking the page entirely. For a jewellery house with showrooms across Salt Lake, Burrabazar, and Camac Street, that is a costly gap between real-world reputation and online reach. Bitecodes rebuilds and secures business websites for retailers across India. We would welcome a short call to fix this quickly. Regards, the Bitecodes team",https://www.rragarwal.com/ (fetch failed — certificate expired); https://www.zaubacorp.com/company/R-R-AGARWAL-JEWELLERS-PRIVATE-LIMITED/U36911WB2002PTC095055 (corroboration only),"Warm in framing, but the core finding is urgent by nature; stays factual rather than alarmist.",1,0
Kisah Apparels,Kolkata,"East India — Kolkata, Bhubaneswar (9 entries; Indore/Nagpur pending)","Men's ethnic-wear D2C brand (founded 2018), raised a pre-Series A round to fund three more physical stores beyond its two Kolkata locations. Customer support is WhatsApp-only, Mon–Sat 11am–6pm — a real bottleneck as it scales across channels.","Email support@kisah.in; WhatsApp +91 6289 902 520 (Mon–Sat, 11am–6pm)","Dear Kisah team, congratulations on the recent pre-Series A round and the plan to open three more stores beyond your two in Kolkata. As you grow across marketplaces, your own D2C site, and physical retail, keeping stock and customer support in sync gets harder, and today your support channel is WhatsApp only, open Monday to Saturday, 11am to 6pm. Bitecodes builds inventory, CRM, and support automation tools for growing retail brands. We would welcome a conversation about what would help most as you scale. Regards, the Bitecodes team",https://kisah.in/en-us/pages/aboutus ; https://kisah.in/en-us/pages/contact-us ; https://www.indianretailer.com/news/funding-alert-kisah-apparels-raises-rs-13-cr-pre-series-round-boost-omnichannel-growth,Warm — genuine congratulations on real news. Authoritative — capability tied directly to a fact from their own page.,0,0
Bhandari Hospital and Research Center (BHRC),Indore,"Central India — Indore, Nagpur (10 entries)","Multi-specialty hospital since 1993, home to the Mohak Hospital bariatric/robotic-surgery unit. Homepage lists the contact email as ""bhrc@email.com"" — an evidently unfinished placeholder — with appointments otherwise phone-only.",Phone 0731-4733333; homepage email listed as bhrc@email.com (appears to be an unfinished placeholder).,"Hello BHRC team, We came across Bhandari Hospital and Research Center's work since 1993, including the robotic bariatric care at Mohak Hospital. We noticed your homepage lists appointment lines but no working contact email for general enquiries. Bitecodes builds patient-enquiry and appointment chatbots for hospitals, so callers and website visitors get instant answers outside phone hours. We would welcome a short call to show how this could work for BHRC. Warm regards, the Bitecodes team",https://bhrcindia.com/ ; https://bhrcindia.com/mohak-hospital-indore/,"Warm — acknowledges BHRC's history and Mohak's specialty care. Authoritative — names the exact contact gap and a concrete fix, no embellishment.",0,0
Aakash Namkeen Pvt. Ltd.,Indore,"Central India — Indore, Nagpur (10 entries)","Namkeen/sweets manufacturer and exporter since 1936, already has a working e-commerce storefront. The opportunity is complementary, not remedial: an assistant to handle bulk-order and export queries around the clock.",Email c.care@aakashglobal.com; Phone 0731-2904777,"Hello Aakash Namkeen team, Nearly ninety years of namkeen-making, now paired with online ordering and export reach, is a rare combination. As international enquiries grow, an AI assistant on WhatsApp and your website could answer bulk-order and export questions in English and Hindi around the clock, freeing your team from repetitive calls. Bitecodes builds this kind of automation for manufacturers and exporters. We would welcome the chance to show you a working example. Regards, the Bitecodes team",https://aakashnamkeen.com/,"Warm — celebrates a near-century of craft. Authoritative — specific export/WhatsApp use case, not generic automation language.",0,0
"Somalwar High School and Jr. College, Ramdaspeth",Nagpur,"Central India — Indore, Nagpur (10 entries)","Branch of the century-old Somalwar Academy (centenary attended by Dr. A. P. J. Abdul Kalam, 2011). Contact runs through Gmail; admissions route through separate embedded Google Forms per division rather than one system.",Email somalwarhsramdaspeth@gmail.com; Phone 0712 242 4950,"Dear Somalwar Ramdaspeth team, A school whose centenary was honored by Dr. A. P. J. Abdul Kalam carries a legacy worth reflecting online. We noticed admissions enquiries currently route through separate Google Forms for each division. Bitecodes builds simple, unified admissions and parent-communication portals for schools, so families reach the right division in one place and staff spend less time on manual follow-ups. We would be glad to share examples suited to an institution of Somalwar's standing. Regards, the Bitecodes team",https://www.ramdaspethsomalwar.org/,"Warm — the Kalam centenary detail. Authoritative — points to the fragmented Google Forms, proposes one concrete fix.",0,0
Agarwal Group (Agarwal Coal Corporation),Indore,"Central India — Indore, Nagpur (10 entries)","Diversified conglomerate (coal trading, education, manufacturing, publishing, hospitality). Homepage statistics (coal imported, group revenue) stuck at ""00,"" alongside images that fail to load — a live, verifiable defect on a flagship site.",Phone +917314714000; Email info@agarwalcoal.com,"Dear Agarwal Group team, Coal trading, education, manufacturing, and hospitality under one group is a wide portfolio to represent on a single website. While reviewing agarwalcoal.com, we noticed the homepage statistics for coal imported and group revenue are currently showing as zero, and a few images are not loading. Bitecodes builds and maintains multi-division corporate sites, so details like these stay accurate as the group grows. We would be glad to take a closer look and share some initial thoughts. Regards, the Bitecodes team",https://www.agarwalcoal.com/ ; https://www.agarwalcoal.com/about-agrawal-group,"Respectful rather than pointed, given the sensitivity of flagging a live bug. Authoritative — precise, independently verifiable detail.",0,0
Getwell Hospital and Research Institute,Nagpur,"Central India — Indore, Nagpur (10 entries)","Independent multi-specialty hospital, built ""without any corporate backing."" News/events section's newest posts date to 2019; at least one internal link 404s.",Helpline 0712-6632200; Fax 0712-2441046; Email admin@getwellhospitals.com / hr@getwellhospitals.com,"Dear Getwell Hospital team, Your homepage describes a hospital built without corporate backing, by professionals who measure success in smiles rather than profit; that is a genuinely distinctive story. We noticed the site's news section has not been updated since 2019, and one internal link returns a page-not-found error. Bitecodes refreshes hospital websites and adds simple appointment and enquiry chatbots, so the site keeps pace with the care you already provide. We would welcome a short conversation about this. Regards, the Bitecodes team",https://getwellhospitals.com/ (verified via live browser render after the standard fetcher errored repeatedly),Warm — mirrors the hospital's own founding story. Authoritative — cites the dated news section and broken link as evidence.,0,0
Berar Finance Limited,Nagpur,"Central India — Indore, Nagpur (10 entries)","NBFC financing two-wheelers, used cars, personal loans, incorporated 1990. Already has online loan applications and FD tracking — the opening is complementary: an AI layer for routine queries (EMI status), not a rebuild.",Phone 0712-666 3999; Email customercare@berarfinance.com / info@berarfinance.com,"Dear Berar Finance team, Over three decades in two-wheeler and vehicle financing, now backed by online loan applications and FD tracking, shows real investment in self-service. Many NBFCs at this stage still route routine questions, such as EMI status or document requirements, through phone queues alone. Bitecodes builds AI chat and WhatsApp assistants that plug into an existing customer portal like yours, answering these routine queries instantly. We would welcome a short conversation on where this might fit. Regards, the Bitecodes team",https://berarfinance.com/ ; https://berarfinance.com/contact.html (verified via live browser render),"Warm — credits existing self-service strength. Authoritative — specific, complementary layer, not implying deficiency.",0,0
Disha Engineering,Nagpur,"Central India — Indore, Nagpur (10 entries)","Automobile/engineering-component manufacturer (dies, punches, machined castings) since 1994, MIDC industrial area. Contact page confirms no request-for-quote form; enquiries depend on direct calls or individual staff emails.",Phone +91-9326752483 (HR: +91-9607019722); staff email addresses on the dishaengg.com domain listed on contact page.,"Dear Disha Engineering team, Three decades of manufacturing dies, punches, and machined castings from your Hingna Road facility is a solid foundation. We noticed enquiries currently depend on direct calls or personal email addresses, with no request-for-quote form on the site. Bitecodes builds simple product-catalog and RFQ pages for engineering manufacturers, making it easier for new buyers to reach the right person the first time. We would welcome a short call to discuss this. Regards, the Bitecodes team",https://dishaengg.com/ ; https://dishaengg.com/contact,Warm — respects three decades of manufacturing. Authoritative — names the missing RFQ mechanism as the specific gap.,0,0
Astha Vriddhashram,Indore,"Central India — Indore, Nagpur (10 entries)","Old-age home since 1992, hybrid donation-and-paid-support model. ""Donate"" menu link exists but no visible online payment method; published contact email runs on a free Yahoo account.",Phone 0731-2550823 / 4049738; WhatsApp 8319805561; Email kalyanmitrasamiti@yahoo.com,"Dear Astha Vriddhashram team, Caring for Indore's elders since 1992, through both donation and paid support, is meaningful work that deserves an easy way for people to find and help. We noticed the site has a Donate option but no visible online payment method, and the listed contact email runs on a free Yahoo account rather than your own domain. Bitecodes could add a simple, secure donation page and a WhatsApp line for admission enquiries, priced to fit a charitable institution. Regards, the Bitecodes team",https://aasthavruddhashram.org/,"Respectful given the charitable mission. Authoritative — cites the missing payment path as a concrete, fixable gap.",0,0
Nagpur Job Consultant,Nagpur,"Central India — Indore, Nagpur (10 entries)","Recruitment/executive-search consultancy founded 2012. Site hosted on a free Wix subdomain (nagpurjob.wixsite.com) rather than a purchased domain, contact routed through Gmail.",Email nagpurjobconsultant@gmail.com; Phone +917887855522,"Dear Nagpur Job Consultant team, More than a decade placing candidates across Central India is a solid track record to build on. We noticed your site is currently hosted on a free Wix subdomain rather than your own domain name, which can make the business harder to find and to trust at first glance. Bitecodes builds affordable, branded websites and simple candidate-enquiry chatbots for recruitment consultancies. We would welcome a short conversation about a website that matches the consultancy you have built. Regards, the Bitecodes team",https://nagpurjob.wixsite.com/nagpurjobconsultant,"Warm — credits a decade-plus track record. Authoritative — names the free-subdomain issue directly, offers a proportionate fix.",0,0
Gaysons Fashion Mall,Nagpur,"Central India — Indore, Nagpur (10 entries)","Family-owned fashion/apparel retailer since 1983, three Nagpur locations. Main site is purely informational; online ordering exists only on a separate uniform-specific site; a fax number is still listed alongside phone lines.",Email store@gaysons.in; Phone +91-0712-2563624 / +91-0712-2522755,"Dear Gaysons team, Over four decades of dressing Nagpur, from school uniforms to festive wear across three locations, is a story most retailers would envy. We noticed your main site at gaysons.in is informational, with online ordering currently limited to the separate uniform site, and a fax number still listed alongside your phone lines. Bitecodes builds unified online catalogs and WhatsApp ordering for multi-location retailers. We would welcome a short conversation on bringing the full Gaysons range online. Regards, the Bitecodes team",https://www.gaysons.in/about-us/ ; https://www.gaysons.in/contact-us/,Warm — celebrates four decades of local retail history. Authoritative — cites the informational-only main site as the specific opportunity.,0,0
Dear Zindagi Senior Care,Vadodara,"Gujarat tier-2 — Vadodara, Rajkot (10 entries)","Old-age home and assisted-living facility, basic through dementia, stroke, and Parkinson's care. Contact Us page lists only a phone number and WhatsApp button — no email, no enquiry form; footer copyright reads 2020.",Phone 9313628559; WhatsApp button; no email published.,"Hello Dear Zindagi team, We came across your senior care facility near Natubhai Circle and were impressed by the range of care you offer, from assisted living to dementia and Parkinson's support. Your website has no online enquiry form or email, so families researching care options may struggle to reach you outside phone hours. Bitecodes builds websites and simple enquiry systems for healthcare and aged-care providers. We would welcome a short call to discuss a refreshed site that reflects the quality of care you provide. Regards, the Bitecodes team",https://dearzindagicare.com/ ; https://dearzindagicare.com/contact-us,Warm — names specific care types and location. Authoritative — verifiable gap plus concrete capability.,0,0
Balaji Auto Parts,Rajkot,"Gujarat tier-2 — Vadodara, Rajkot (10 entries)","Connecting-rod manufacturer for automotive/tractor/marine engines, 15+ years, ISO 9001:2008, 130+ clients claimed. Dated WordPress slider template; only listed email is a personal Gmail address.",Phone +91 99791 05218 / +91 97239 72900; Email balajiconrod@gmail.com,"Hello Balaji Auto Parts team, We came across your connecting-rod manufacturing business and were struck by fifteen-plus years of precision work across Lister, Petter, Comet, and automobile variants for over 130 clients. Your site still runs on an older slider template with a personal Gmail inbox as its only listed contact, which undersells that record to new buyers. Bitecodes builds modern manufacturer websites with product catalogues and enquiry tools. We would be glad to show a mockup of an upgraded site. Regards, the Bitecodes team",https://thebalajiautoparts.com/,Warm — cites specific product lines and client count. Authoritative — names a concrete deliverable.,0,0
Phoenix Institute,Vadodara,"Gujarat tier-2 — Vadodara, Rajkot (10 entries)","JEE/NEET/board coaching chain, six centres (five Vadodara, one Anand), specific recent results (20+ NEET scorers above 600, 74+ JEE Main qualifiers). Broken image placeholders and inconsistent layout — physical growth has outpaced the website.","Phone 7433931112/13/14 (Vadodara), 7435881116/17 (Anand); Email info@phoenixinstitute.co","Hello Phoenix Institute team, Congratulations on growing to six centres across Vadodara and Anand, and on this year's results, over twenty NEET students above 600 and seventy-four JEE Main qualifiers. Your website currently shows empty image placeholders and inconsistent layout, which undersells that record to parents comparing coaching options online. Bitecodes builds fast, modern websites for education brands, with clean results pages, admission enquiry forms, and centre-wise landing pages. We would welcome a short call to show you what a refreshed Phoenix site could look like. Regards, the Bitecodes team",https://phoenixinstitute.co/,"Warm — leads with genuine, results-based congratulations. Authoritative — names precise site defects and a matching fix.",0,0
Rojgari Placements Pvt. Ltd.,Rajkot,"Gujarat tier-2 — Vadodara, Rajkot (10 entries)","Recruitment consultancy, 20+ years, operating across Rajkot, Maharashtra, and Karnataka; job-board/resume-submission site reads as dated.",Phone +91-6358817783 / 7201080009; Email jobs@rojgariindia.com,"Hello Rojgari Placements team, Two decades placing candidates across Rajkot, Maharashtra, and Karnataka is a strong record, and we noticed your website's job-posting and resume tools still run on a fairly dated interface. Bitecodes builds modern recruitment platforms, including searchable job boards, employer dashboards, and candidate portals, for consultancies such as yours. A refreshed site could make it easier for employers and candidates to engage with Rojgari online rather than by phone alone. We would welcome a short conversation about this. Regards, the Bitecodes team",https://www.rojgariplacements.com/about-us.htm,Warm — credits specific tenure and reach. Authoritative — names concrete platform features.,0,0
NG EarSafe,Rajkot,"Gujarat tier-2 — Vadodara, Rajkot (10 entries)","D2C ecommerce brand selling ENT-doctor-endorsed open-ear headphones on a genuinely modern Shopify storefront — the pitch here is AI automation, not a rebuild: no live chat or chatbot anywhere for fit, warranty, or retailer questions.",Email support@ngearsafe.com; contact form on site; no phone published.,"Hello NG EarSafe team, Your open-ear headphones and the ENT-backed safety angle make for a compelling story, and your Shopify store already looks sharp. One gap we noticed: no live chat or chatbot for questions on fit, warranty claims, or retailer enquiries, so support load lands entirely on email. Bitecodes builds AI chatbots and support automation that plug into an existing Shopify store without a redesign. We would be happy to share a quick example for NG EarSafe. Regards, the Bitecodes team",https://ngearsafe.com/,"Warm — opens with genuine praise. Authoritative — one precise gap and matching service, credible because it does not oversell.",0,0
Nikita Engineers,Vadodara,"Gujarat tier-2 — Vadodara, Rajkot (10 entries)","Umbrella for five affiliated engineering firms (pumps, valves, filter presses, vacuum systems, furnaces) since 2008, approvals from L&T, HPCL, SGS. After 15+ years, appears to have no independent company website at all — only an IndiaMART marketplace profile.","No public contact channel found — only gated ""Contact Supplier""/""Call Now"" buttons.","Hello Nikita Engineers team, Five affiliated companies under one roof, covering pumps, valves, filter presses, vacuum systems, and furnaces, is a strong specialisation story for a proprietorship started in 2008. After fifteen-plus years, your only web presence appears to be an IndiaMART listing, with no independent site to showcase that range or your approvals from bodies such as L&T and SGS. Bitecodes builds manufacturer websites with product catalogues and enquiry forms that sit alongside a marketplace listing. We would welcome the chance to discuss this further. Regards, the Bitecodes team",https://www.indiamart.com/nikitaengineers/profile.html (marketplace profile — no independent site found),Warm — recognises real breadth of work. Authoritative — names specific certifying bodies and the exact gap.,1,0
H U Thakrar & Co.,Rajkot,"Gujarat tier-2 — Vadodara, Rajkot (10 entries)","Chartered accountancy firm, 1,000+ clients over 10+ years (tax, GST, audit, fundraising advisory). Site states both ""10+ years"" and ""8 years"" of experience in different sections — a concrete, verifiable inconsistency.",Phone +91 97255 52243; Email info@huthakrar.com; contact form.,"Hello H U Thakrar and team, Ten-plus years serving over a thousand clients across tax, GST, audit, and fundraising advisory is a strong record for a five-person firm. We noticed the website design feels dated next to that scale, and it lists both ten years and eight years of experience in different places, which can undercut credibility online. Bitecodes builds clean, modern websites for finance and CA practices, with clear service pages and consistent copy. We would welcome a short call to discuss a refreshed site. Regards, the Bitecodes team",https://www.huthakrar.com/,Warm — genuine respect for the client base. Authoritative — cites the exact copy inconsistency as evidence.,0,0
New Kamlesh Jewellers Jasdanwala,Rajkot,"Gujarat tier-2 — Vadodara, Rajkot (10 entries)","Rajkot showroom trading since 1999, family jewellery business tracing to Mumbai. Published contact is a Yahoo email rather than its own domain, and the ""Collection"" navigation link leads to no working catalogue.",Phone +91 02812226990 / +91 022 28988170/2; Email new.kamlesh@yahoo.co.in,"Hello New Kamlesh Jewellers team, Reading your story, from an apprenticeship in Zaveri Bazaar on twenty rupees a month to the Minawala name in Italian gold chain work, and now a long-running Rajkot showroom since 1999, was genuinely engaging. Your site still lists a Yahoo address for enquiries and has no working collection catalogue, which understates that heritage for online visitors. Bitecodes builds retail websites with proper catalogues, a branded mailbox, and enquiry forms. We would welcome a short conversation about refreshing the Rajkot site. Regards, the Bitecodes team",https://www.nkjrajkot.com/ ; https://www.nkjrajkot.com/contact ; https://www.nkjrajkot.com/our-story,Warm — engages with the specific founding story. Authoritative — names the exact missing catalogue and email issue.,0,0
VCL – Vadodara Clinical Laboratory,Vadodara,"Gujarat tier-2 — Vadodara, Rajkot (10 entries)","NABL-accredited (ISO 15189:2012) pathology/biopsy lab, MD-Pathology-qualified doctor, 1,200+ tests, ~5,000 patients over five years. Dated slider layout, no online booking or report-access portal — results go out only by SMS, email, or phone.",Phone 06359648112 / 06359648113 / 06359648114; contact form on site; no direct email published.,"Hello VCL team, NABL accreditation under ISO 15189:2012, alongside over 1,200 validated tests, is a strong quality signal for a five-year-old lab, and close to 5,000 patients reflects real trust in the Rudra Point centre. We noticed the website still relies on an older slider layout, with appointments and reports handled by SMS, email, or phone rather than a self-service portal. Bitecodes builds simple, secure booking and report-access web applications for diagnostic labs. We would welcome a short conversation about this. Regards, the Bitecodes team",https://www.vcllab.in/,"Warm — credits the accreditation and patient trust specifically. Authoritative — proposes a named, concrete deliverable.",0,0
Pooja Studio Rajkot,Rajkot,"Gujarat tier-2 — Vadodara, Rajkot (10 entries)","Photography/videography studio (weddings, events, TV/news work). Site (copyright 2014) has a dead ""Videos"" link (404), broken gallery images, visible typos, and two personal Gmail addresses as its only contact channels.",Phone 0281-2240544 / +91 9824224544 / +91 9408524544; Email poojastudiomoviemakers@gmail.com / poojastudiorajkot0281@gmail.com,"Hello Pooja Studio team, Shooting everything from temple pre-wedding shoots to television and news video work shows real range. We noticed your Videos page currently returns an error, some gallery images are broken, and enquiries still go to a personal Gmail address rather than a studio domain, which likely costs bookings from couples comparing studios online. Bitecodes builds clean, fast portfolio websites with working galleries and enquiry forms for photography and production businesses. We would welcome a short conversation about showcasing your work properly online. Regards, the Bitecodes team",https://www.poojastudiorajkot.com/,"Warm — genuine respect for the range of work. Authoritative — lists three specific, verifiable defects.",0,0
Raj Exports,Kanpur,"North tier-2 — Kanpur, Varanasi, Patna (12 entries)","Star Export House manufacturing leather bags, pet products, and equestrian goods for global buyers since 1994. Site mixes premium positioning with placeholder images, Lorem Ipsum filler text, and broken navigation.",Phone +91-9919366186; Email md@rajexports.biz,"Dear Raj Exports team, We came across your Star Export House-recognized leather goods business and thirty-year export history to international buyers. Your current site, however, still shows placeholder images and filler text where your product story should be, which risks undercutting the trust an overseas buyer needs before placing an order. Bitecodes builds and rebuilds websites for manufacturers and exporters exactly like yours. We would welcome a short conversation about a site that matches the quality of your leather goods. Warm regards, the Bitecodes team",https://rajexports.biz/,"Warm — names the 30-year history and export status. Authoritative — names the exact defects, states capability plainly.",0,0
Kanpur Medical Centre,Kanpur,"North tier-2 — Kanpur, Varanasi, Patna (12 entries)","102-bed multispecialty hospital since 1989 (gastroenterology, orthopedic, ICU), run on a generic template-driven website that lags its clinical scope.",Email contact@kmcpvtltd.com; Toll-free 18001203176,"Dear Kanpur Medical Centre team, Your hospital has offered comprehensive gastroenterology, orthopedic, and critical care services from your 102-bed facility since 1989, yet your website still runs on a generic, template-driven layout that undersells that clinical depth. Patients researching a hospital increasingly judge trust by the website first. Bitecodes designs and builds websites for healthcare providers, and we would be glad to show you what a site built around your actual services and specialists could look like. Best regards, the Bitecodes team",https://kmcpvtltd.com/,"Warm — grounded in real services since 1989. Authoritative — concrete claim about patient behavior, clear capability.",0,0
RS Institute,Kanpur,"North tier-2 — Kanpur, Varanasi, Patna (12 entries)","IIT-JEE/NEET coaching center, 8,000+ enrolled students, still running a mid-2010s-style site with basic layout and limited interactivity.",Phone +91-9696019206; Email info@rsiitinstitute.com,"Dear RS Institute team, Reaching over 8,232 enrolled students for IIT-JEE and NEET preparation in Kanpur is a genuine achievement, and it deserves a website that feels as current as your results. Your site today carries a mid-2010s look, with limited interactivity for the parents and students who now research coaching centers online before visiting in person. Bitecodes builds modern, mobile-friendly websites for education providers. We would welcome the chance to discuss a site that reflects the scale you have already built. Regards, the Bitecodes team",https://www.rsiitinstitute.com/,Warm — cites the institute's own enrollment figure. Authoritative — names the specific design era and audience behavior.,0,0
Tasty Dairy Specialities Limited,Kanpur,"North tier-2 — Kanpur, Varanasi, Patna (12 entries)","Grew from 200 litres of daily milk processing in 1992 to a dairy processor selling five brands nationally and abroad. Corporate site has a mislabeled social-media link and a non-responsive, dated layout.",Phone 1800 120 0999; Email info@tastydairy.com,"Dear Tasty Dairy team, Growing from 200 litres of daily milk processing in 1992 to your current scale under the Ujjwal, Shikhar, and Verifresh brands is a genuine achievement. Your corporate website, though, still runs on outdated, non-responsive HTML, with one social link mislabeled. For a packaged food brand, that gap matters to buyer trust. Bitecodes rebuilds websites for manufacturers who have outgrown their original site. We would welcome a conversation about bringing your online presence up to the standard of your production line. Regards, the Bitecodes team",https://www.tastydairy.com/about.php,Warm — specific brand and origin-story detail. Authoritative — names the exact technical defect.,0,0
YNGS (Yashri Nilesh Ghanshyam Silk),Varanasi,"North tier-2 — Kanpur, Varanasi, Patna (12 entries)","75-year-old Banarasi saree manufacturer/wholesaler with stores in Varanasi, Bengaluru, and Hyderabad. Broken product images, redundant navigation, contact details buried several clicks deep.",Email it@yngs.co.in; Phone +91 6389150008 (Varanasi head office),"Dear YNGS team, Building a Banarasi saree business from a small trading shop in 1950 into stores across Varanasi, Bengaluru, and Hyderabad is a remarkable seventy-five-year journey. Your website, though, undercuts that legacy in places: several product images fail to load, navigation repeats itself, and basic contact details take real digging to find. Bitecodes fixes and rebuilds e-commerce sites for manufacturers and retailers who already sell online but need the experience to match the product. We would welcome a conversation about tightening yours up. Regards, the Bitecodes team",https://yngs.co.in/ ; https://yngs.co.in/pages/contact-us,"Warm — honors the 1950 origin story. Authoritative — specific, verifiable defects, no exaggeration.",0,0
SAS Hospital,Varanasi,"North tier-2 — Kanpur, Varanasi, Patna (12 entries)","Multi-specialty hospital founded 2016, expanded into an affiliated medical college and nursing/physiotherapy programs. Text-heavy site, inconsistent formatting, no mobile-responsive design.",Email info@sashospitals.in; Phone +91 6389305040 / +91 6389305049,"Dear SAS Hospital team, In under a decade you have grown from a single hospital into a group that also runs AY Medical College and nursing and physiotherapy programs. Your website has not kept pace: it is text-heavy, formatted inconsistently, and does not appear to adapt to mobile screens, where most patients and students now search first. Bitecodes builds websites for hospitals and educational institutions that need to present multiple services clearly. We would welcome a conversation about a site built for how you have grown. Regards, the Bitecodes team",https://www.sashospital.in/,"Warm — recognizes the group's real expansion. Authoritative — specific UX complaint, clear offer.",0,0
Balaji Handicrafts,Varanasi,"North tier-2 — Kanpur, Varanasi, Patna (12 entries)","Fourth-generation artisan family producing GI-tagged Varanasi wooden lacquerware and toys. Online store lists only a Gmail address for enquiries and still displays an introductory ""LAUNCH10"" discount.",Email balajihandicraft09@gmail.com; Phone +91 8960270095,"Dear Balaji Handicrafts team, Carrying a fourth-generation woodworking tradition into Varanasi's GI-tagged lacquerware and toy craft is a story worth telling well online. Right now the site is thin: it lists a Gmail address for enquiries and still shows an introductory launch discount, reading as an early, unfinished build rather than a home for heritage craftsmanship. Bitecodes builds e-commerce sites for makers who need one credible storefront for retail, bulk, and export buyers. We would welcome a conversation about what that could look like for you. Regards, the Bitecodes team",https://www.balajihandicraft.com/contact,Warm — honors the four-generation craft lineage. Authoritative — cites the Gmail contact and launch-offer as concrete evidence.,0,0
Sujata Exports,Varanasi,"North tier-2 — Kanpur, Varanasi, Patna (12 entries)","Handmade carpet/durrie manufacturer exporting since 1992. Static brochure site, low-resolution images, no mobile or e-commerce functionality.",Phone +91-9839055448; Email sujataexports@gmail.com,"Dear Sujata Exports team, Three decades of hand-weaving carpets and durries for export out of Varanasi, starting under Mr. Raghu Mehra in 1992, is exactly the heritage that should open doors with international buyers before a call ever happens. Right now your website is a static brochure: low-resolution images, no mobile view, and no easy way to browse collections. Bitecodes builds export-ready websites for manufacturers who need their online presence to work as hard as their looms do. We would welcome a conversation about modernizing yours. Regards, the Bitecodes team",https://www.sujataexports.com/,"Warm — names the founder and the craft. Authoritative — specific technical gaps, concrete metaphor.",0,0
Sahyog Hospital,Patna,"North tier-2 — Kanpur, Varanasi, Patna (12 entries)","One of Patna's oldest multi-specialty hospitals (~30 years, NABH pre-accredited, CGHS/ECHS empanelled). Dated site, keyword-stuffed headers, no mobile optimization.",Phone 0612-2262642 / +91-7763819972; Email info@sahyoghospital.com,"Dear Sahyog Hospital team, Thirty years as one of Patna's oldest multi-specialty hospitals, with NABH pre-accreditation and CGHS and ECHS empanelment, represents a genuine track record of trust. Your website currently undersells that: cluttered navigation, repetitive keyword-heavy headers, and no mobile optimization make it harder for patients to find the department they need. Bitecodes builds clean, mobile-ready websites for healthcare providers who need their site to reflect the same standard as their care. We would welcome a conversation about what a rebuild could do for you. Regards, the Bitecodes team",https://sahyoghospital.com/,"Warm — credits the 30-year record. Authoritative — specific site faults, clear scope.",0,0
Shantilal's Food International Pvt. Ltd.,Patna,"North tier-2 — Kanpur, Varanasi, Patna (12 entries)","Self-described fastest-growing Bihar food chain, nine branches across Patna, Danapur, and Chhapra with banquet/catering. Broken internal links, placeholder product text, unclear pricing.",Phone +91-9128303303; Email shantilalssweets@gmail.com / info@shantilalsfoods.com,"Dear Shantilal's team, Growing to nine branches across Patna, Danapur, and Chhapra, with a catering and banquet operation alongside your sweets and snacks, is momentum for a Bihar food brand. Your website has not caught up: broken internal links, placeholder product text, and unclear pricing all get in the way of a customer trying to order or book a hall. Bitecodes builds websites for growing retail and food brands that need their site to keep pace with new branches. We would welcome a conversation about yours. Regards, the Bitecodes team",https://www.shantilalsfoods.com/,Warm — specific branch count and services. Authoritative — concrete site faults tied to lost bookings.,0,0
NSG Organic,Patna,"North tier-2 — Kanpur, Varanasi, Patna (12 entries)",Exporter of phool makhana and moringa-based health products to international buyers. Early-2010s-style e-commerce site with only a Gmail address and WhatsApp number as contact channels.,Email nsgorganic@gmail.com; WhatsApp +91 9798930671,"Dear NSG Organic team, Exporting phool makhana and moringa-based health products from Patna to international buyers puts you in a genuinely growing category of Bihar agri-exports. Your website, though, still looks and functions like an early e-commerce site from a decade ago, with a personal Gmail address as the only listed contact for what should be an export-facing operation. Bitecodes builds export-ready websites for agri-processors and manufacturers who need buyers abroad to trust what they see online. We would welcome a conversation about modernizing yours. Regards, the Bitecodes team",https://www.nsgorganic.life/phool-makhana.htm,Warm — recognizes the growth category. Authoritative — specific contact-channel gap for an export business.,0,0
Jobs Provider,Patna,"North tier-2 — Kanpur, Varanasi, Patna (12 entries)","Recruitment consultancy since ~2013 across 18 cities in Bihar and Jharkhand, 1,000+ live listings. Dated site, broken internal links, statistic counters stuck at ""00+"".",Phone +91-9334208080; Email hr@jobsprovider.in,"Dear Jobs Provider team, Connecting employers and job seekers across 18 cities in Bihar and Jharkhand for more than a decade is a solid footprint. Your website, though, works against that: broken internal links, placeholder icons, and stat counters stuck at 00+ make the platform look inactive to a visitor. For a recruitment business, that first impression is the product. Bitecodes builds websites for recruitment and staffing firms that need their site to look as active as their placements. We would welcome a conversation about yours. Regards, the Bitecodes team",https://www.jobsprovider.in/,"Warm — credits the decade-long regional reach. Authoritative — names the ""00+"" counter as concrete evidence.",0,0
Reliable Job Placement & Consultancy Services,Nashik,"Vertical deep-dive — Recruitment & media, nationwide tier-2/3 (10 entries)","Runs basic ""candidate""/""recruiter"" enquiry tabs rather than a real portal, routes all enquiries through a personal Gmail address instead of a business domain — despite claiming multinational clients.",Email reliable.jobs.placement@gmail.com,"Hello Reliable Job Placement team, your reach across manpower recruitment, overseas placement and twelve industry verticals from Nashik is impressive for a firm founded in 2020. We noticed enquiries currently route through a personal Gmail address rather than a dedicated business system, which can make a growing consultancy look smaller than it is. Bitecodes builds simple websites and enquiry-tracking portals for staffing firms, so nothing gets lost between candidates and clients. We would welcome a short conversation if useful. — the Bitecodes team",https://www.reliablejobplacement.com/,"Warm — specific, complimentary opener. Authoritative — named, concrete capability rather than generic sales language.",0,0
Sri Durga HR Solutions,Mysuru,"Vertical deep-dive — Recruitment & media, nationwide tier-2/3 (10 entries)","Site still carries a live, unedited default WordPress ""Hello world!"" post and testimonials with unreplaced placeholder text — a firm operating since 2016 whose site was never finished.",Email sridurgahrsolutions@gmail.com; Phone +91 7829089831,"Hello Sri Durga HR Solutions team, we came across your site while researching HR consultancies in Mysuru and noticed a placeholder blog post and unreplaced testimonial text still live on the page — easy to miss while busy placing candidates. Bitecodes builds and cleans up websites and lightweight client and candidate portals for staffing firms like yours, so the digital front door matches the professionalism of the placements themselves. We would welcome the chance to share a quick, no-obligation look at what a refresh could involve. — the Bitecodes team",https://sridurgahr.com/,"Warm — non-judgmental, specific observation. Authoritative — named capability, not a vague pitch.",0,0
Jashnn Signature,Guwahati,"Vertical deep-dive — Recruitment & media, nationwide tier-2/3 (10 entries)","Destination-wedding planner (Thailand, Bali, Turkey, Sri Lanka). Copyright metadata reads 2019, embedded Instagram feed falls back to a placeholder image, no client/vendor booking-tracking portal.",Email info@jashnnsignature.com / weddings@jashnnsignature.com; Phone 912 624 4444,"Hello Jashnn Signature team, a portfolio of destination weddings across Bali, Thailand and Turkey is impressive for a Guwahati-based team. We noticed the Instagram feed on your site falls back to a placeholder image rather than showing live photos, which can undercut that impression for couples researching planners online. Bitecodes builds and maintains fast, reliable websites and simple enquiry trackers for event and production businesses. We would be glad to share a short, no-obligation look at a fix. — the Bitecodes team",http://jashnnsignature.com/,"Warm — genuine admiration for the portfolio. Authoritative — precise technical observation, named remedy.",0,0
Jobs Today,Ranchi,"Vertical deep-dive — Recruitment & media, nationwide tier-2/3 (10 entries)","Serving BPO, pharma, FMCG and IT/ITES clients since 2007. Broken image links through gallery/client-logos sections; only structured intake beyond a Gmail inbox is a basic ""Candidate/Recruiter Zone"" pair.",Email ranchijobtoday@gmail.com,"Hello Jobs Today team, congratulations on serving Ranchi's BPO, pharma and FMCG employers since 2007. While reviewing the site, we noticed several broken images in the gallery and client-logos sections, which can be the first thing a new corporate client sees. Bitecodes builds and repairs websites and lightweight candidate and recruiter portals for placement consultancies, so the online presence reflects nearly two decades of placement experience. We would welcome a short conversation if that is useful. — the Bitecodes team",https://www.jobstodayindia.in/,"Warm — genuine acknowledgment of longevity. Authoritative — specific, verifiable defect and matching fix.",0,0
Ekluvya Consultancy Services,Bhopal,"Vertical deep-dive — Recruitment & media, nationwide tier-2/3 (10 entries)","Bulk/mass recruitment across seven sectors since 2017. Dated, mid-2000s look, no candidate/client portal — every enquiry funnels to a phone line or personal Gmail address.",Email hr@ekluvyaconsultancy.com / ekluvyaconsultancy@gmail.com; Phone +91-755-4929910,"Hello Ekluvya Consultancy team, the reach across IT, BPO, infrastructure and healthcare hiring from Bhopal is notable for a firm founded in 2017. We noticed enquiries currently route through phone and a personal Gmail address rather than a structured intake form, which can slow down bulk-hiring requests from corporate clients. Bitecodes builds simple websites and enquiry-tracking portals for staffing consultancies so nothing gets lost between calls. We would be happy to show a quick example if useful. — the Bitecodes team",https://ekluvyaconsultancy.com/,"Warm — genuine compliment on breadth of coverage. Authoritative — concrete, verifiable operational gap and matching capability.",0,0
Plunex Production,Dehradun,"Vertical deep-dive — Recruitment & media, nationwide tier-2/3 (10 entries)","Full pre- to post-production film pipeline. Navigation carries a garbled menu label; contact details are inconsistent between pages (homepage lists no email, a services sub-page lists one); no client production-status portal.",Email contact@plunex.in; Phone +91 8006777253,"Hello Plunex Production team, the full pre- to post-production pipeline out of Dehradun is a strong offering for ad films and documentaries. While looking at the site, we noticed the homepage and services page list different contact details, and one navigation label appears to be a typo, which can confuse a client mid-enquiry. Bitecodes builds clean, consistent websites and simple enquiry trackers for production houses, so every visitor reaches you the same way. We would be glad to share a short look at a fix. — the Bitecodes team",https://plunex.in/ ; https://plunex.in/services/film-production/,"Warm — specific praise for the production pipeline. Authoritative — precise, verifiable inconsistencies, named fix.",0,0
Vaibhav Enterprises,Nagpur,"Vertical deep-dive — Recruitment & media, nationwide tier-2/3 (10 entries)",Placement/apprenticeship firm under Skill India NAPS since 2009. Dated builder-template site with a broken image placeholder; its own previously-indexed About Us/Contact Us pages now 404 (restructured without redirects); no email published anywhere.,Phone +91 93735 80123 / +91 8956004021; no email published.,"Hello Vaibhav Enterprises team, connecting Nagpur candidates with apprenticeships under the Skill India NAPS scheme since 2009 is a genuine public service. We noticed some of your own indexed pages, including About Us and Contact Us, now return a page-not-found error, and no email address is listed anywhere on the site. Bitecodes rebuilds and maintains websites for placement and training firms so links stay reliable and enquiries have a clear path in. We would welcome a brief conversation if that is useful. — the Bitecodes team","https://vaibhaventerprises.net/ (About Us, Contact Us sub-pages returned HTTP 404)","Warm — sincere respect for the public-service angle. Authoritative — specific, reproducible technical finding.",0,0
Royal Saga Events,Bhubaneswar,"Vertical deep-dive — Recruitment & media, nationwide tier-2/3 (10 entries)","Destination weddings ""across Odisha and beyond."" The https version of the site fails outright with a certificate mismatch pointing to an unrelated third-party domain; the working http version has dead-end social icon links and only a personal Gmail contact.",Email royalsagaevents@gmail.com; Phone +91-7873558189,"Hello Royal Saga Events team, the work on weddings, receptions and destination events across Odisha stood out while researching event planners in Bhubaneswar. We noticed the secure (https) version of the site fails with a certificate error, and the Facebook and Instagram icons on the page do not link anywhere. Bitecodes builds and maintains secure websites for event planners, so every guest and client who clicks through actually reaches you. We would be glad to share a short look at a fix. — the Bitecodes team",http://www.royalsaga.in/ (https version returns a TLS certificate error),Warm — genuine interest in the destination-wedding work. Authoritative — hard technical fact stated plainly.,0,0
Mantavya Films,Indore,"Vertical deep-dive — Recruitment & media, nationwide tier-2/3 (10 entries)","Corporate film/sports media production studio. Footer social icons (Facebook, Twitter, LinkedIn) all link to the template designer's own portfolio rather than the studio's accounts; the contact-section map link still points to a template-default San Francisco address.",Email info@mantavyafilms.com,"Hello Mantavya Films team, the corporate film and sports media branding work out of Indore caught our attention. While reviewing the site, we noticed the Facebook, Twitter and LinkedIn icons all link to the same template designer's portfolio page rather than your own accounts, and the map popup still shows a San Francisco address instead of Bengali Square. Bitecodes builds and cleans up websites for production houses, so every link actually represents your studio. We would be glad to share a no-obligation look at fixing this. — the Bitecodes team",https://mantavyafilms.com/about-us.html ; https://mantavyafilms.com/index.html,"Warm — direct interest in the studio's actual work. Authoritative — precise, slightly surprising technical fact.",0,0
Rapid Manpower Services,Jamshedpur,"Vertical deep-dive — Recruitment & media, nationwide tier-2/3 (10 entries)","Staffing across six cities (Jamshedpur, Ranchi, Dhanbad, Bokaro, Patna, Lucknow). Homepage carousel images fail to load, several navigation links point to placeholder anchors; dated, non-interactive site with no candidate/client portal.",Email operations@rapidmanpowerservices.in; Phone +91 9229619710,"Hello Rapid Manpower Services team, coordinating domestic and commercial staffing across Jamshedpur, Ranchi, Dhanbad, Bokaro, Patna and Lucknow is no small feat. We noticed the homepage carousel images do not load and a few navigation links lead nowhere, which can be an early red flag for a client comparing agencies online. Bitecodes builds and repairs websites and simple booking or enquiry trackers for staffing businesses, so the site matches the reach of the operations. We would welcome a short conversation if useful. — the Bitecodes team",https://www.rapidmanpowerservices.in/,"Warm — recognition of operational scale. Authoritative — concrete defect, scoped named remedy.",0,0
Niramay Care Centre,Nashik,"Vertical deep-dive — Healthcare & aged-care, nationwide tier-2/3 (11 entries)","Elder-care residential facility (founded 2012), 60+ beds, 24/7 nursing, post-operative and specialised elderly care. Site lists only phone/email intake — no online enquiry or booking system for admissions.",Phone +91 8010083044 / +91 7774016074; Email dryogeshsadgir2@gmail.com,"Hello Niramay Care Centre team, We came across Niramay's work in Nashik, caring for 60+ residents around the clock since 2012, including post-operative and specialized elderly care. As a software studio, Bitecodes builds simple booking and enquiry systems, and WhatsApp/chat-based intake for care providers, so families can request admission assessments online instead of by phone alone. If useful, we would welcome a short call to discuss what admissions support could look like for Niramay. Regards, the Bitecodes team",https://niramaycarecenter.com/,"Warm — specific, genuine detail. Authoritative — concrete capability, no filler.",0,0
DAS Home Nursing Services,Mysore,"Vertical deep-dive — Healthcare & aged-care, nationwide tier-2/3 (11 entries)","Karnataka-wide home-nursing chain (since 2001), Mysore branch since 2005, elder/post-operative/palliative/ICU-at-home care. No online booking or care-coordination technology of any kind — a toll-free line and Gmail address are the only intake channels.",Phone +91 93435 68915 / 1800-309-9556 (toll-free) / +91 09243306815 (Mysore); Email dashomenursingservices@gmail.com / dashomenursing@gmail.com,"Hello DAS Home Nursing team, We noticed your Mysore branch, running since 2005 as part of your Karnataka-wide home nursing network founded in 2001, still relies on a single phone line and Gmail address for enquiries. Bitecodes builds simple booking and lead-capture systems for care providers, so families can request a nurse or ask about elderly, post-operative, or palliative care online, with enquiries routed straight to your team. Happy to share a quick example if useful. Regards, the Bitecodes team",https://www.homenursingservices.org/ ; https://www.homenursingservices.org/mysore.html,"Warm — cites real branch history. Authoritative — concrete capability, no filler.",0,0
Suman Hospital,Ludhiana,"Vertical deep-dive — Healthcare & aged-care, nationwide tier-2/3 (11 entries)",NABH-accredited multi-specialty hospital (founded 1997) that already offers online consultation booking with pricing — the opening is complementary: no email contact and no live chat/chatbot on an otherwise information-dense site.,"Phone (Emergency) 98888 19171; Address 537 Model Town, Harnam Nagar, Ludhiana; no email published.","Hello Suman Hospital team, We saw that Suman Hospital's NABH-accredited multi-specialty care in Model Town, spanning obstetrics, infertility, pediatrics and cardiology, already offers online consultation booking, a strong start. Bitecodes builds AI chatbots and patient-facing tools that layer on top of an existing site, so people can get quick answers on services or doctor availability by chat, even when your team is busy, without a full rebuild. Would you be open to a short conversation about adding this? Regards, the Bitecodes team",https://www.sumanhospital.in/,"Warm — credits what already works. Authoritative — specific, non-disruptive capability offered.",0,0
Swasthyam Multispeciality Clinic,Guwahati,"Vertical deep-dive — Healthcare & aged-care, nationwide tier-2/3 (11 entries)","15+ specialty outpatient clinic with an online appointment request form, but no visible submission/confirmation step — booking still appears to funnel through a follow-up phone call rather than a complete self-serve flow.",Phone +91 92879 88031 / +91 92879 88032; Email reachswasthyam@gmail.com,"Hello Swasthyam Multispeciality Clinic team, We noticed Swasthyam offers 15+ specialities in Christian Basti with an online appointment request form, a good start toward easier booking. From what we saw, confirming a slot still needs a follow-up phone call rather than an instant confirmation. Bitecodes builds booking systems and WhatsApp-based confirmations for clinics, so patients get a confirmed doctor and time without the back-and-forth. Would you be open to a short call about tightening this step? Regards, the Bitecodes team",https://swasthyamguwahati.in/,Warm — acknowledges existing effort. Authoritative — pinpoints the exact gap and fix.,0,0
Hill View Hospital & Research Centre,Ranchi,"Vertical deep-dive — Healthcare & aged-care, nationwide tier-2/3 (11 entries)","Multi-specialty hospital, 35+ years, 11 specialities in Bariatu. Has an appointment button, but displays unpopulated placeholder counters (""0+"" doctors, awards, specialities) — a template that was never finished.","Phone +91 94311 04724 / +91 9905901004; email is Cloudflare-obfuscated on the page, could not be read reliably.","Hello Hill View Hospital team, We saw that Hill View has been caring for patients in Bariatu for 35+ years across orthopedics, obstetrics, neurology, nephrology and more. Your site already has an appointment button, but the doctors, awards and specialities counters currently display as zero, which undersells that history to a new visitor. Bitecodes builds and maintains hospital websites, so the numbers, content and booking flow stay accurate and consistent. We would welcome the chance to help finish this. Regards, the Bitecodes team",https://hillviewhospital.in/,Warm — respectful of their tenure. Authoritative — specific defect and fix.,0,0
Goyal Hospital & Research Centre,Jodhpur,"Vertical deep-dive — Healthcare & aged-care, nationwide tier-2/3 (11 entries)","26+ department multi-specialty hospital since 1989, affiliated cancer hospital (SKG). Broken ""NO IMAGE"" placeholders, dated layout, booking split awkwardly between an online section and a phone number.",Phone 0291-2432144; no email published.,"Hello Goyal Hospital team, We came across Goyal Hospital's 26+ departments in Jodhpur, running since 1989 alongside SKG Cancer Hospital, real depth of care built up over 35+ years. Your website currently shows several broken image placeholders and splits appointment booking between an online section and phone calls, which can undersell that history to a first-time visitor. Bitecodes builds and rebuilds hospital websites with working booking flows, so the site matches the quality of care behind it. Open to a short conversation? Regards, the Bitecodes team",https://www.goyalhospital.org/,"Warm — leads with respect for their history. Authoritative — concrete, specific finding and offer.",0,0
Sandhu Life Care Hospital,Amritsar,"Vertical deep-dive — Healthcare & aged-care, nationwide tier-2/3 (11 entries)","Private multispecialty hospital in Chheharta (confirmed via the Amritsar district government directory). Its own official website is essentially blank — only a header and tagline, no services, contact details, or booking of any kind.","No public contact channel found — the site publishes no phone, email, or address.","Hello Sandhu Life Care Hospital team, We visited sandhulifecarehospital.com and found it is currently a bare placeholder page, just a header and the line ""Caring for Your Health First,"" with no services, contact details, or way to reach the hospital online. Government records show you are an operating multispecialty hospital in Chheharta, so your website is not yet reflecting that. Bitecodes builds complete hospital websites, with services, doctors, and contact and booking details in place. We would welcome a conversation about rebuilding this page properly. Regards, the Bitecodes team",https://sandhulifecarehospital.com/ ; https://amritsar.nic.in/public-utility/sandhu-lifecare-multispecialty-hospital/,"Warm — constructive, not dismissive. Authoritative — direct, verifiable finding, clear capability.",1,0
Mukherjee Hospital,Siliguri,"Vertical deep-dive — Healthcare & aged-care, nationwide tier-2/3 (11 entries)","21+ department multi-specialty hospital (15+ years), working online appointment booking — the opening is placeholder images across department pages and literal unedited ""Lorem ipsum"" text in the physiotherapy section.",Phone +91 90029 36622 / +91 35335 00151 / +91 77193 65036 (ambulance); Email info@mukherjeehealthcare.com,"Hello Mukherjee Hospital team, We looked through mukherjeehealthcare.com and found genuine strengths, 21+ departments and working online appointment booking, but also placeholder images and leftover ""Lorem ipsum"" text in the physiotherapy section. Small gaps like that can make 15+ years of real experience look unfinished to a new visitor. Bitecodes builds and polishes hospital websites, filling in real content and tightening the booking flow around what you have already built. We would welcome a short conversation about finishing this properly. Regards, the Bitecodes team",https://www.mukherjeehealthcare.com/,"Warm — genuine praise first. Authoritative — specific defect, concrete offer.",0,0
Kota Heart Institute,Kota,"Vertical deep-dive — Healthcare & aged-care, nationwide tier-2/3 (11 entries)","Describes itself as the largest super multi-specialty private hospital in the Hadoti region — 200+ beds, seven branches, 20+ specialities since 2008. Phone-only contact, broken navigation links, low-resolution placeholder images, no online booking.",Phone +91 98292 28175; Email info@KotaheartInstitute.in,"Hello Kota Heart Institute team, We learned that Kota Heart Institute is the largest super multi-specialty private hospital in the Hadoti region, 200+ beds across seven branches and 20+ specialties since 2008, real scale. Your website, though, only offers phone contact, with broken links under Neurology and Cardiothoracic Surgery and no online booking. Bitecodes builds hospital websites and booking systems that match an operation of this size, so patients can find the right department and request an appointment online. Open to a short conversation? Regards, the Bitecodes team",https://kotaheartinstitute.in/,"Warm — genuine acknowledgment of scale. Authoritative — specific defects, concrete offer.",0,0
Lokpriya Hospital,Meerut,"Vertical deep-dive — Healthcare & aged-care, nationwide tier-2/3 (11 entries)","Region's first multi-specialty hospital (1990), now 195 beds and 25+ specialities across Meerut, Kithore, and Dehradun. Site lists a Rediffmail address as its contact email and carries leftover placeholder text in its events section.",Phone 0121-2792500 / 8194007414 / 8194007404; Email lokpriya_hospital1@rediffmail.com,"Hello Lokpriya Hospital team, We read that Lokpriya has been Meerut's first multispecialty hospital since 1990, now 195 beds and 25+ specialities, with locations in Kithore and Dehradun as well. Your website still lists a Rediffmail address as its contact email, with leftover placeholder text in the events section, which does not match that scale. Bitecodes builds hospital websites with modern booking, content, and a properly set-up email. We would welcome a short conversation about bringing the site up to the level of the hospital. Regards, the Bitecodes team",https://www.lokpriyahospital.com/,"Warm — respectful of long history. Authoritative — specific, verifiable gaps named.",0,0
Simhapuri Hospitals,Nellore,"Vertical deep-dive — Healthcare & aged-care, nationwide tier-2/3 (11 entries)","Multi-location hospital describing itself as the best multi-specialty hospital in Andhra Pradesh. Its intended domain no longer resolves at all; its only live web presence is a free Weebly site with 2015-era posts, broken images, and no online booking.","Phone 0861-6680 100; no email published, only a contact form referenced.","Hello Simhapuri Hospitals team, We tried to visit simhapurihospitals.com and found the domain no longer resolves; your only live site today is a free Weebly page with posts from around 2015 and no online booking. That is a real gap for a hospital that calls itself the best multi-specialty facility in Andhra Pradesh. Bitecodes builds and hosts proper hospital websites, with working booking and a domain that stays online. We would welcome a short conversation about getting Simhapuri back onto its own site. Regards, the Bitecodes team",https://simhapurihospitals.weebly.com/ ; https://simhapurihospitals.weebly.com/contact.html (www.simhapurihospitals.com confirmed not resolving),"Warm — stays constructive despite a stark finding. Authoritative — precise, verifiable technical detail.",0,0
Shubh Exports,Udaipur,"Rajasthan tier-2 — Udaipur, Ajmer, Bikaner (12 entries)","Family-run marble/granite/sandstone miner and exporter since 1965, exporting to Italy, Israel, Lebanon, China, Dubai, and Germany since 1992. Legacy table-based HTML layout, minimal mobile optimization, no evident update since roughly 2010-2015.",Phone +(91)-(294)-2440601 / Mobile +91-9414156611/601,"Dear Shubh Exports Team, Since 1965 you have built trust with buyers across Italy, Israel, Lebanon, China, Dubai, and Germany, a track record most exporters would envy. We noticed your website still runs on a legacy layout that may not build the same confidence with a first-time international buyer researching you before a deal. Bitecodes builds fast, mobile-friendly export websites and product catalogues for manufacturers like yours. Would a short call to review your current site fit your schedule this month? Regards, the Bitecodes team",http://www.shubhexports.com/ ; http://www.shubhexports.com/about_us.html,"Warm — names the specific 60-year history and export markets. Authoritative — one concrete capability, not generic praise.",0,0
Royal Heritage Haveli,Udaipur,"Rajasthan tier-2 — Udaipur, Ajmer, Bikaner (12 entries)","Boutique property near Sajjangarh Sanctuary for solo travelers/remote workers/adventure seekers. Booking traffic depends entirely on MakeMyTrip, Airbnb, Booking.com, Agoda; site is a template Wix build with stale COVID-era messaging and a Gmail business contact.",Phone +91-9971743443; Email info.royalheritagehaveli@gmail.com,"Dear Royal Heritage Haveli Team, Your positioning near Sajjangarh Sanctuary for solo travellers, remote workers, and adventure seekers is a distinctive niche, but your booking traffic currently depends on MakeMyTrip, Airbnb, and Booking.com rather than your own site. Bitecodes builds fast, mobile-first hospitality websites with direct booking and SEO, so guests who search for you can book without paying platform commissions. We would welcome a short conversation about refreshing your online presence this season. Regards, the Bitecodes team",https://www.royalheritageudaipur.com/,"Warm — specific niche and named platforms. Authoritative — one concrete, unpadded capability.",0,0
Ashoka Arts,Udaipur,"Rajasthan tier-2 — Udaipur, Ajmer, Bikaner (12 entries)","Handicraft business near Gangaur Ghat (Pichwai paintings, wood/marble carvings, textiles, miniature-painting workshops). ""Free Shipping"" line repeated four times, broken internal links, personal Gmail address.",Phone 085608 99955 / 9929999353; Email akshay2490@gmail.com,"Dear Ashoka Arts Team, Your Pichwai paintings, wood and marble carvings, and workshops near Gangaur Ghat carry real craft heritage, but the website representing them repeats the same shipping notice several times, has a few broken links, and lists a personal Gmail address rather than a business one. Bitecodes builds clean, reliable websites for craft and export businesses, with working navigation and a proper business email, so visitors trust what they see before they buy or book a workshop. Regards, the Bitecodes team",https://ashokaarts.co.in/,"Warm — names the exact products and location. Authoritative — precise defects and fix, no embellishment.",0,0
Maharana Mewar Public School,Udaipur,"Rajasthan tier-2 — Udaipur, Ajmer, Bikaner (12 entries)","CBSE-affiliated school (hostel, labs, library, sports, music/dance, NCC, medical dispensary). Site has a broken external link injecting unrelated spam content — a compromised or neglected site — plus JavaScript-void navigation limiting accessibility.",Email support@mmps.com; admissions enquiry form.,"Dear Maharana Mewar Public School Team, Your hostel, labs, library, and NCC programs give parents real reasons to consider MMPS, but your website currently has a broken link pulling in unrelated content, suggesting the site has been compromised or is overdue for maintenance. That is not the impression a researching parent should see. Bitecodes builds and secures school websites, with clean navigation and a proper admissions enquiry flow, so your online presence matches the quality of what happens on campus. Regards, the Bitecodes team",https://www.mmpsschool.org/,Warm — credits genuine campus facilities first. Authoritative — names the security concern precisely.,0,0
RMS Stonex,"Kishangarh, Ajmer District","Rajasthan tier-2 — Udaipur, Ajmer, Bikaner (12 entries)","Granite/marble manufacturer, wholesaler and exporter in RIICO Industrial Area Phase 1, Kishangarh (India's largest marble-trading hub). No independent website at all — an IndiaMART-hosted storefront with duplicated listings and broken image placeholders.",Phone 07942720001,"Dear RMS Stonex Team, Kishangarh is India's largest marble trading hub, and your catalogue of granite, onyx, and Italian marble reflects real manufacturing depth. Right now, though, rmsstonex.com is an IndiaMART storefront rather than a site of your own, with duplicated listings and images that do not load. Bitecodes builds proprietary export websites for stone manufacturers, with a real product catalogue and working galleries, so a buyer researching RMS Stonex finds your brand rather than a marketplace template. Regards, the Bitecodes team",https://www.rmsstonex.com/,"Warm — acknowledges Kishangarh's stature and real product depth. Authoritative — concrete gap and deliverable, no hype.",0,0
RG Academy,Ajmer,"Rajasthan tier-2 — Udaipur, Ajmer, Bikaner (12 entries)","IIT-JEE/NEET/AIIMS/Foundation coaching institute, ""a pioneer of IIT-JEE preparation in Ajmer,"" six years of results. Placeholder ""dummy.png"" images, leftover e-commerce categories (""Computers,"" ""Smartphones""), testimonials with garbled text.",Phone 9610660305 / 9116680301; Email info@rgacademy.co.in,"Dear RG Academy Team, Six years of IIT-JEE, NEET, and Foundation results in Ajmer is a genuine track record, but the website presenting it still shows placeholder ""dummy"" images, leftover e-commerce categories like Computers and Smartphones, and testimonials with garbled text mixed in. For a parent comparing coaching institutes before enrolling their child, that gap matters. Bitecodes builds clean, education-focused websites with working course pages, a real testimonial section, and reliable admissions enquiry forms. Regards, the Bitecodes team",http://rgacademy.co.in/,"Warm — credits the specific six-year result. Authoritative — concrete site features, not a vague promise.",0,0
Sharma Hospital & Diagnostic Centre,Ajmer,"Rajasthan tier-2 — Udaipur, Ajmer, Bikaner (12 entries)","Multi-department hospital (general/dental, orthopaedic, diabetic, obesity, hypertension, asthma clinics, physiotherapy, full diagnostic lab, 24-hour emergency), 20+ years. Generic free template, navigation limited to Home and Contact, no email or online booking published.",Phone +91 9352887878; no email or online form published.,"Dear Sharma Hospital & Diagnostic Centre Team, Two decades of general, dental, orthopaedic, and diabetic care on Nasirabad Road is a strong record of patient trust. Your current website, though, runs on a generic free template with only a Home and Contact page, and offers no way to book an appointment or email the hospital directly. Bitecodes builds healthcare websites with online appointment booking, department pages, and secure enquiry forms, so patients can reach you before they pick up the phone. Regards, the Bitecodes team",https://sharmahospital.in/,"Warm — names the specific two-decade record and departments. Authoritative — concrete deliverables, no filler.",0,0
Ajmera Gramodhyog Sansthan,"Pushkar, Ajmer District","Rajasthan tier-2 — Udaipur, Ajmer, Bikaner (12 entries)","Food manufacturer since 1992 (rose gulkand, rose water, rose sharbat, dry rose petals, khus sharbat, amla candy/murabba), retail/factory/wholesale. No independent website — sole presence is an IndiaMART page with phone/email masked behind interactive buttons rather than published text.","No public contact channel found — phone and email are masked behind interactive ""Call Now""/""Send Email"" buttons, not published as visible text.","Dear Ajmera Gramodhyog Sansthan Team, Since 1992, your rose gulkand, rose water, and rose sharbat have carried Pushkar's rose-growing tradition to wholesale buyers nationwide. At the moment, though, your only online presence is a single IndiaMART listing, with no company website and no published phone number or email a buyer can see directly. Bitecodes builds simple, independent websites for food manufacturers, with a real product catalogue and visible contact details, so buyers can find and trust you directly. Regards, the Bitecodes team",https://www.indiamart.com/ajmeragramodhyogsansthan/about-us.html,Warm — credits the specific 1992 founding and product range. Authoritative — names the exact gap and fix.,1,0
Bishanlal Babulal,Bikaner,"Rajasthan tier-2 — Udaipur, Ajmer, Bikaner (12 entries)","Bikaneri bhujia/namkeen manufacturer since 1956, Rani Bazaar Industrial Area, working e-commerce cart with city-wise shipping. Its own About page mistypes its own web address; embedded map does not load; social links dead; footer has dead ""#"" links.",Phone +91-9829561957 / +91-8824412366; Email info@bishanlalbabulal.com,"Dear Bishanlal Babulal Team, Since 1956, your Bikaneri bhujia has built genuine trust, and your website already ships nationally with a working cart. A few details are holding it back, though: your own About page mistypes your web address, the embedded map does not load, and several footer links go nowhere. Bitecodes fixes and rebuilds e-commerce sites like this, correcting exactly these gaps so customers reach checkout with full confidence in the brand. Regards, the Bitecodes team",https://bishanlalbabulal.com/,"Warm — genuine credit for the 1956 heritage and working cart. Authoritative — three exact defects, not a general critique.",0,0
Rao Bikaji Group,Bikaner,"Rajasthan tier-2 — Udaipur, Ajmer, Bikaner (12 entries)","Heritage hospitality group since 1993, tied by its own site to the family of Rao Bika, Bikaner's founder (desert camel safaris, heritage hotel stays, tours, car rental). Web presence is a free GitHub Pages site with a decade-old template, broken images, dead navigation, personal Gmail-only contact.",Phone +91-9351201102 / 0151-2522651; Email jsrranihal@gmail.com,"Dear Rao Bikaji Group Team, Your family's link to Rao Bika, Bikaner's founder, and three decades running desert camel safaris and heritage stays is a story few tourism brands can match. Right now, though, that story lives on a free GitHub Pages site with a decade-old template, broken images, and only a personal Gmail address for enquiries. Bitecodes builds tourism websites with real booking forms, working galleries, and a proper business domain, so travellers researching Bikaner find you looking as credible as your history deserves. Regards, the Bitecodes team",https://jsranihal.github.io/,Warm — honors the specific family history and decades of operation. Authoritative — concrete hosting problem and fix.,0,0
Bikaner Carpets,Bikaner,"Rajasthan tier-2 — Udaipur, Ajmer, Bikaner (12 entries)","Rug manufacturer founded 2015, facility on Road No. 4 Industrial Area, Rani Bazar (corporate office Jaipur) — hand-woven, tufted, felted wool rugs, poufs, custom designs. Broken image placeholders, duplicate section headings, unclear navigation, personal Gmail-only contact.",Email bikanercarpets@gmail.com; WhatsApp business line.,"Dear Bikaner Carpets Team, Hand-woven wool, tufted, and felted rugs made in Rani Bazar deserve a premium online presence, since that is exactly the standard buyers expect from a design-led rug brand. Right now, though, the site carries broken image placeholders, repeated section headings, and only a personal Gmail address for enquiries. Bitecodes builds clean, image-rich websites for manufacturers and craft brands, with a proper business email and galleries that actually load, so a buyer's first impression matches the quality of the rugs themselves. Regards, the Bitecodes team",https://bikanercarpets.com/,"Warm — praises the specific craft and rug types before critiquing. Authoritative — concrete fix, no overstatement.",0,0
New Jullundur Sports,Jalandhar,"Punjab/Haryana tier-2 — Jalandhar, Panipat, Ambala (10 entries)","Sporting-goods manufacturer/exporter (footballs, boxing gear, cricket equipment, hockey sticks, bags, apparel) since 1949, ISO 9001, sells internationally. Site's own copyright notice is still stamped 2016; reads as a static brochure, not a modern export storefront.",Phone +91 93177 04218 / +91 98885 13772; Email newjullundursports@gmail.com,"Hello New Jullundur Sports team, your 69-plus years turning Jalandhar craftsmanship into ISO 9001 certified football, boxing, cricket, and hockey gear for export is a genuine story to lead with. We noticed the current site still carries a 2016 copyright line and reads more like a printed catalogue than a storefront for international buyers. Bitecodes builds fast, mobile-friendly export sites with searchable product catalogues and clear inquiry-to-order tracking for manufacturers like yours. Happy to share a quick mockup if useful. Regards, the Bitecodes team",http://www.newjullundursports.com/,"Warm — names the real 1949 founding and the 2016 copyright honestly. Authoritative — concrete deliverables, not generic praise.",0,0
Anandco Sporting Corporation,Jalandhar,"Punjab/Haryana tier-2 — Jalandhar, Panipat, Ambala (10 entries)","Manufacturer/exporter/wholesaler of RXN-branded footwear, boxing equipment, gymnastics/fitness equipment, valid GST/IEC. Product catalogue fails to load actual images (placeholder GIFs appear instead) — undercuts credibility with overseas buyers.",Phone 0181-2650200 (also 07942785078); Email kushanandcosales@gmail.com,"Hello Anandco Sporting Corporation team, your RXN range of boxing, gymnastics, and fitness equipment reaches export buyers who judge quality by what they see online first. On your current site, several product photos load as blank placeholders instead of images, which works against the manufacturing quality you actually deliver. Bitecodes builds product catalogues and export-ready sites that load reliably and present goods the way genuine buyers expect. We would welcome a short conversation about fixing this. Regards, the Bitecodes team",https://www.anandcosportsindia.com/ ; https://www.anandcosportsindia.com/contactus.html,"Warm — names a real, verifiable flaw, not vague criticism. Authoritative — specific fix, not generic web-design language.",0,0
Hira Tools Corporation,Jalandhar,"Punjab/Haryana tier-2 — Jalandhar, Panipat, Ambala (10 entries)","Hand-tools manufacturer/exporter since 1965, 1,500+ products under the ""Hansez"" export brand, ~15 countries. Site runs on dated, non-responsive HTML — undercuts its own ""India's leading name in hand tools"" claim.",Phone +91 98141 01908 / +91 94640 16576; Email hiratools65@gmail.com / info@hiratools.com,"Hello Hira Tools team, 55 years manufacturing hand tools for buyers in 15 countries is a strong claim to make, and it deserves a website built to match — searchable by tool category, easy on mobile, and quick to load for a buyer checking from overseas. The current site still runs on older, non-responsive HTML. Bitecodes builds export-ready catalogue sites for manufacturers exactly like Hira Tools. We would welcome the chance to show a quick example. Regards, the Bitecodes team",https://www.hiratools.com/,"Warm — takes their own claim (55 years, 15 countries) seriously. Authoritative — concrete site features, not vague modernization language.",0,0
Yogesh Printing Press,Jalandhar,"Punjab/Haryana tier-2 — Jalandhar, Panipat, Ambala (10 entries)","ISO 9001:2008 printing/packaging house since 1967, two subsidiaries (S.V. Packaging 1999, ABC Ezypack 2009), national design awards, reported 100%+ growth over five years. No independent website — only a self-submitted IndiaMART listing with no visible phone or email.",No public contact channel found.,"Hello Yogesh Printing Press team, growing your printing-and-packaging house from 1967 into two award-winning subsidiaries, S.V. Packaging and ABC Ezypack, with over 100% growth in five years, is a genuine achievement. We could not find an independent website for the business anywhere online, only a marketplace listing. Bitecodes builds websites and simple order-inquiry systems for manufacturers exactly at this stage of growth, giving buyers a direct way to reach you instead of a third-party page. We would welcome a conversation. Regards, the Bitecodes team",https://www.indiamart.com/yogesh-printing-press/aboutus.html (no independent site exists — verified via the company's own marketplace profile),"Warm — praises a real, specific growth story. Authoritative — concrete gap (no site) and concrete offering.",1,0
Shambhoo Textile,Panipat,"Punjab/Haryana tier-2 — Jalandhar, Panipat, Ambala (10 entries)","Woollen/polar-fleece blanket, shoddy yarn, velvet/jacquard fabric manufacturer/exporter since 1960 (hospital and defense ranges). Domain runs entirely on a generic TradeIndia marketplace template (confirmed via footer credit), identical in structure to thousands of other supplier listings — no distinct brand identity.",Phone 08045801792 (via TradeIndia-hosted contact form; no direct email published — likely a platform call-tracking number).,"Hello Shambhoo Textile team, 64 years manufacturing woollen and polar fleece blankets, including ranges for hospitals and defense, is a genuine, differentiated story. Your current website, though, runs on a generic Infocom/TradeIndia template shared by thousands of other exporters, so it does not show what sets Shambhoo Textile apart. Bitecodes builds independent, brand-specific export sites with a real product catalogue and direct inquiry handling, owned outright by you rather than a marketplace platform. We would welcome a short conversation. Regards, the Bitecodes team",https://www.shambhootextile.com/,"Warm — credits the real 64-year, hospital/defense-grade track record. Authoritative — names the specific platform dependency, not vague ""better website"" language.",0,0
Vaibhav Exports,Panipat,"Punjab/Haryana tier-2 — Jalandhar, Panipat, Ambala (10 entries)","Fleece/cotton blanket, bath mat and rug manufacturer/exporter/wholesaler (28+ categories), Village Assan Khurd. Site (IndiaMART-templated) shows placeholder graphics on several listings — undercuts its own claims about ""visual appeal"" and ""colorfastness.""",Phone 08047657914 (via IndiaMART-hosted contact form; no direct email — likely a platform call-tracking number).,"Hello Vaibhav Exports team, your range of more than 28 blanket, bath mat, and rug categories built around visual appeal and colorfastness deserves photography that actually shows it. On the current site, several product listings display placeholder graphics instead of real images, on a template shared across thousands of other IndiaMART sellers. Bitecodes builds independent export websites with real product photography and a catalogue built specifically for your range, not a shared marketplace template. We would welcome the chance to show you an example. Regards, the Bitecodes team",https://www.vaibhavexports.net/,"Warm — takes the company's own stated quality claims seriously. Authoritative — concrete, verifiable defect and specific fix.",0,0
Kakkar Spinning Mills,Panipat,"Punjab/Haryana tier-2 — Jalandhar, Panipat, Ambala (10 entries)","Recycled cotton-yarn manufacturer/textile-recycling machinery maker since 1990, GRS/RCS certified, FY2024 turnover ""Rs. 100 Crore and above,"" CITI Textiles Sustainability Award winner, exports to Nepal/Bangladesh/Sri Lanka. No independent website — only an IndiaMART marketplace profile.","No public contact channel found — marketplace profile shows only a masked, platform-routed number.","Hello Kakkar Spinning Mills team, a GRS and RCS certified recycled-yarn business built since 1990, now past Rs. 100 crore in turnover and a recent CITI Textiles Sustainability Award winner, has a genuine sustainability story worth telling directly to buyers in Nepal, Bangladesh, and beyond. At present, that story lives only on a marketplace profile page, with no independent website of your own. Bitecodes builds websites and simple order-and-inquiry systems for manufacturers at exactly this scale. We would welcome a short conversation. Regards, the Bitecodes team",https://m.indiamart.com/kakkar-spinning-mills/profile.html (no independent site — verified via the company's own marketplace profile),"Warm — names genuine, specific achievements with respect. Authoritative — concrete gap, sized to the company's actual scale.",1,0
Ajanta Export Industries,Ambala,"Punjab/Haryana tier-2 — Jalandhar, Panipat, Ambala (10 entries)","Laboratory equipment, hospital furniture, surgical/dental/scientific-instrument manufacturer/exporter since 1957, Ambala Cantt's Science Market, ISO/FDA claimed, 1M+ units/year capacity. Site (TradeIndia-templated) has broken image paths, cluttered navigation, poor mobile responsiveness.",Phone 08045475226 (via TradeIndia-hosted contact form; no direct email — likely a platform call-tracking number).,"Hello Ajanta Export Industries team, 67 years exporting laboratory, hospital, and surgical equipment from Ambala's Science Market, with ISO and FDA certification, is a genuine record. On the current site, several product images fail to load and the layout does not adapt well on a phone, often the first place overseas buyers look. Bitecodes builds export-ready sites with working image galleries and full mobile support, built around your own catalogue rather than a shared template. We would welcome a short conversation. Regards, the Bitecodes team",https://www.ajantaexportindustries.com/,"Warm — credits the genuine 67-year, ISO/FDA-certified export record. Authoritative — two verified, concrete defects with matching fixes.",0,0
S.K. Scientific and Surgicals,Ambala,"Punjab/Haryana tier-2 — Jalandhar, Panipat, Ambala (10 entries)","Hospital-furniture/medical-equipment manufacturer/exporter (exam tables, ICU beds, autoclaves, blood-bank refrigeration, centrifuges, OT lighting), Jagadhari Road, IEC-registered, IndiaMART TrustSeal, turnover 5-25 crore. No independent website — only a shared IndiaMART marketplace catalogue page.",Phone 08047696287 (via IndiaMART-hosted contact form; no direct email — likely a platform call-tracking number).,"Hello S.K. Scientific and Surgicals team, manufacturing and exporting a genuine range of hospital equipment, from ICU beds and autoclaves to operating-theatre lighting, out of Ambala's medical-instruments cluster is a real capability. At present, though, that range is presented only through a shared IndiaMART marketplace page rather than a site of your own. Bitecodes builds independent, branded websites and product catalogues for manufacturers exactly at this stage, giving hospital and lab buyers a direct way to reach you. We would welcome a short conversation. Regards, the Bitecodes team",https://www.skscientificindia.com/,Warm — names the company's actual product range with respect. Authoritative — concrete gap and a matched concrete offering.,0,0
Ambala Agro Machineries Pvt. Ltd.,Ambala,"Punjab/Haryana tier-2 — Jalandhar, Panipat, Ambala (10 entries)","Seed/rice-processing equipment manufacturer (indented cylinder graders, paddy huskers, rice polishers, moisture meters), HSIIDC Industrial Area, Saha, ISO 9001:2008 referenced. Site (originally agency-built) now has dead ""javascript:;"" navigation links, redundant menus, no mobile responsiveness.",Phone +91-9988694496 / +91-9996010753,"Hello Ambala Agro Machineries team, building indented cylinder graders, paddy huskers, and rice polishers at your Saha, Ambala facility is exactly the manufacturing Bitecodes likes to support. Your current site, though, still carries broken navigation links, several menu items point to inactive javascript placeholders, and it does not adapt to mobile screens, which matters when a buyer checks specifications from the field. Bitecodes rebuilds sites like this with working navigation and full mobile support, matched to your actual product range. We would welcome a short conversation. Regards, the Bitecodes team",https://www.ambalaagro.in/,"Warm — names the specific machinery they actually build with respect. Authoritative — concrete, verifiable defects and a matched fix.",0,0
Simero Vitrified Private Limited (Simero Ceramics),"Morbi, Gujarat","Vertical deep-dive — Retail/D2C & manufacturing, nationwide tier-2/3 (10 entries)","Luxury vitrified-tile manufacturer/exporter since 1990, exhibition centres in five cities (Morbi, Ahmedabad, Surat, Mumbai, Delhi), reaches Asia and Europe. Homepage footer currently carries injected spam text (gambling/tobacco/adult-services listings in Turkish, Korean, Thai) — the site is compromised — alongside ""0+"" placeholder counters never populated. No RFQ, online ordering, or dealer portal.",Email exports@simero.in / sales@simero.in / purchase@simero.in / hr@simero.in; Phone +91 81412 12000,"Hello Simero Ceramics team, growing a Morbi tile export business since 1990, with exhibition centers now across five cities, reflects real reach into Asia and Europe. While reviewing simero.in, we found the footer currently carries a long block of unrelated spam text (online-gambling, tobacco, and adult-services listings), indicating the site has been compromised, alongside ""0+"" placeholder counters that were never filled in. Bitecodes secures and rebuilds B2B manufacturing websites, with proper enquiry and quote tools. Would a short conversation about cleaning this up be useful? Regards, the Bitecodes team",https://simero.in/,Warm — opens on the genuine 35-year export growth. Authoritative — names the exact compromise and placeholder defect as verified firsthand.,0,0
Sai Krupa Synthetics,"Bhiwandi, Maharashtra","Vertical deep-dive — Retail/D2C & manufacturing, nationwide tier-2/3 (10 entries)","Fabric manufacturer, 30+ years, 100 Rapier Looms producing 8–10 lakh metres of ethnic-kurta/shirting fabric monthly. Homepage shows a literal ""Loading..."" placeholder as its first visible text; footer copyright has no year and a grammatical slip. No RFQ, online ordering, or WhatsApp.",Email marketing@saikrupasynthetics.com; Phone +91 7507433937 / +91 8208284972,"Hello Sai Krupa Synthetics team, running 100 Rapier Looms in Bhiwandi to produce 8 to 10 lakh metres of ethnic kurta and shirting fabric every month, after more than 30 years in the trade, is a serious operation. We noticed your homepage still shows a literal ""Loading..."" placeholder, and the footer copyright reads ""All right reserved"" with no year. Bitecodes builds and fixes B2B manufacturing websites, including simple online quote-request forms for fabric traders. Would a short conversation about tidying this up be useful? Regards, the Bitecodes team",https://saikrupasynthetics.com/,Warm — credits the real production scale and 30-year history. Authoritative — names the exact on-page defects and a proportionate fix.,0,0
Arunoday Textile Mills,"Ichalkaranji, Maharashtra","Vertical deep-dive — Retail/D2C & manufacturing, nationwide tier-2/3 (10 entries)","Third-generation textile manufacturer since 1992, supplies government departments, PSUs, and export houses. Homepage copy is visibly lifted from a LinkedIn profile (switches between first- and third-person) and self-contradicts on production data (72 looms/1,000,000 m vs. 48 looms/11 lakh m in two places on the same page). No email published anywhere.","Phone/mobile 08045804622 (Mr. Parag Khandelwal, B.D.M.); ""Send Inquiry""/""Send SMS"" links; no email published.","Hello Arunoday Textile Mills team, supplying grey, shirting, and uniform fabric to government departments, PSUs, and export houses across three generations since 1992 is a genuine track record. We noticed your homepage lists two different production figures, 72 looms making over 1,000,000 metres a month in one paragraph and 48 looms making 11 lakh metres in another, with no email address published anywhere. Bitecodes builds and corrects B2B manufacturing websites, with proper enquiry and quote tools. Would a short conversation about tidying this up help? Regards, the Bitecodes team",https://arunodaytextilemills.com/,"Warm — credits the three-generation, government/PSU-buyer track record. Authoritative — cites two literal, self-contradicting figures found on the same page.",0,0
Kolhapuri Leather and Chappal Works Producer Company Limited,"Kagal, Kolhapur, Maharashtra","Vertical deep-dive — Retail/D2C & manufacturing, nationwide tier-2/3 (10 entries)","India's first women-owned Kolhapuri-chappal producer company, 300+ artisan shareholders since 2023 incorporation, backed by the National Rural Livelihoods Mission and EDI India. No way to browse or order products online beyond a gallery/catalogue page; only trade-enquiry contact runs through its technical-support partner's email domain, not its own.","Trade enquiries — Girish Gavandi (CEO), Phone +91 98221 91312 / +91 92268 51410; Email ceo.kolhapur@ediindia.org","Hello KLCWPCL team, building India's first women-owned Kolhapuri chappal producer company, uniting over 300 artisans since 2023, is a genuinely distinctive achievement. We noticed your website has no way to browse or order products online beyond a gallery and a separate catalogue page, and your only trade-enquiry contact runs through your technical partner's email domain rather than your own. Bitecodes builds simple, affordable e-commerce and enquiry systems for manufacturers and producer groups reaching new markets. Would a short conversation about this be useful? Regards, the Bitecodes team",https://kolhapurleathers.in/,Warm — genuine respect for the social mission and scale of artisan collectivisation. Authoritative — names the exact missing capability and domain-ownership gap.,0,0
Rathi Texport,"Solapur, Maharashtra","Vertical deep-dive — Retail/D2C & manufacturing, nationwide tier-2/3 (10 entries)","Bed/bath-linen manufacturer and exporter, ""into textiles since 1961."" Entire web presence is one sparse page — a short about-us paragraph and two product buttons with a one-line description each, no specs/pricing/capacity/certifications/clients. No RFQ, only a bare contact form; contact split between the company domain and a personal Gmail.",Email contact@rathitexport.com / rathitexport@gmail.com; Phone +91-9422066975 / +91-9423589275,"Hello Rathi Texport team, sixty-plus years exporting bed and bath linen from Solapur is a genuine, long-standing trade history. We noticed your website is a single sparse page: one short ""about us"" paragraph, two product buttons with little beyond a one-line description each, and no specifications, pricing, or certifications anywhere for a buyer to review. Bitecodes builds proper B2B export websites with real product catalogues and enquiry tools, matched to a business with your track record. Would a short conversation help? Regards, the Bitecodes team",https://rathitexport.com/,"Warm — genuine respect for the six-decade history. Authoritative — describes the exact, verifiable thinness of the site as observed firsthand.",0,0
BPS Exports,"Tirupur, Tamil Nadu","Vertical deep-dive — Retail/D2C & manufacturing, nationwide tier-2/3 (10 entries)","Knitted-garment manufacturer/exporter, ~20 years, 1,000+ employees. No RFQ/quote system or online ordering — only an email address and one phone line; footer copyright frozen at ""© 2023.""",Email boopathi@bpsexports.com; Phone +91 421 4264474,"Hello BPS Exports team, leading knitwear manufacturing from Tirupur for two decades, with a workforce of over 1,000 people guided by your ""People before Profit"" philosophy, is a genuine achievement. We noticed your website's footer copyright still reads 2023, and there is no online quote-request form or ordering system for buyers, only an email address and one phone line. Bitecodes builds export-ready B2B websites with proper enquiry and quote tools for manufacturers. Would a short conversation about modernizing yours be useful? Regards, the Bitecodes team",https://bpsexports.com/,Warm — credits the two-decade history and stated company philosophy by name. Authoritative — cites the exact stale copyright year and missing enquiry mechanism.,0,0
Salem Kandaa Textile Mills Private Limited,"Salem, Tamil Nadu","Vertical deep-dive — Retail/D2C & manufacturing, nationwide tier-2/3 (10 entries)","Cotton-yarn spinning mill, ~2,600 tonnes annual capacity. Entire web presence is a free Weebly subdomain, and its own ""Quality"" section paragraph names a completely different company (""Sri Sellam Textile Private Limited"") — copy lifted from another Salem mill and never corrected. Only enquiry channel is a bare name/email/comment form; listed email is a free Rediffmail address.","Email sellammillsrs@rediffmail.com; Phone (Office) 0091-427-2468399 / 2466199, (Factory) 0091-427-2482456, (Mobile) +91 9443335099","Hello Salem Kandaa Textile team, spinning organic cotton yarn up to 2,600 tonnes a year is real production depth for a Salem mill. While reading your site, we noticed the Quality section names a different company, ""Sri Sellam Textile Private Limited,"" rather than Salem Kandaa, and the whole site runs on a free Weebly subdomain with only a name-and-comment enquiry form. Bitecodes builds proper B2B manufacturing websites, on your own domain, with working enquiry and quote tools. Would a short conversation about fixing this help? Regards, the Bitecodes team",https://salemkandaatextile.weebly.com/,"Warm — credits real production scale before raising the issue. Authoritative — cites the exact, verifiable naming mix-up and hosting gap.",0,0
Emes Textiles Pvt. Ltd.,"Erode, Tamil Nadu","Vertical deep-dive — Retail/D2C & manufacturing, nationwide tier-2/3 (10 entries)","Grey fabrics/bed linens/hotel linens/cotton yarn manufacturer-exporter since 1995, runs an unrelated solar-power-EPC division on the same site. Footer reads ""© Copyright 2009 – 2010,"" unchanged for ~15 years; testimonials repeat verbatim under different names. Phone and email both gated behind click-to-reveal buttons.","WhatsApp +91 9842759900; phone/email gated behind ""View Mobile Number""/""Send Email"" buttons — no plain-text address published.","Hello Emes Textiles team, exporting grey fabrics, bed linens, and cotton yarn since 1995, while also running a separate solar-power-plant division, shows real range for an Erode manufacturer. We noticed your website's footer still reads ""Copyright 2009 - 2010,"" and several customer testimonials repeat verbatim under different names. Bitecodes rebuilds B2B manufacturing websites, with a proper enquiry and quote system for each of your business lines. Would a short conversation about a refresh be useful? Regards, the Bitecodes team",https://emestext.com/,Warm — credits the genuine 1995 founding and dual product lines. Authoritative — cites the literal stale copyright year and repeated testimonials as directly observed.,0,0
Metro Fabrics,"Karur, Tamil Nadu","Vertical deep-dive — Retail/D2C & manufacturing, nationwide tier-2/3 (10 entries)","Home-textile manufacturer/exporter (kitchen/table/bed/bath linen) since 1989, exporting since 1998, turnover exceeding USD 10 million (~60% Europe, 25% USA, 5% Japan). No online ordering or RFQ, only a brochure download; site domain (metrohometex.com) and its listed contact email domain (metrokarur.com) do not match; footer copyright has no year.",Email gopal@metrokarur.com; Phone +91-4324-230354 / 230735 / 230992,"Hello Metro team, growing from a domestic fabric maker in 1989 into a Karur exporter turning over more than USD 10 million a year, split across Europe, the USA, and Japan, is a genuine achievement. We noticed metrohometex.com has no online quote or ordering system, only a brochure download, and its listed contact email runs on a different domain, metrokarur.com, rather than the site's own. Bitecodes builds export-ready B2B websites with proper enquiry tools, on one consistent domain. Would a short conversation help? Regards, the Bitecodes team",https://metrohometex.com/,Warm — credits the genuine 35-year growth and export scale. Authoritative — cites the exact missing RFQ mechanism and domain mismatch as directly observed.,0,0
Supreme Fireworks (Factory),"Sivakasi, Tamil Nadu","Vertical deep-dive — Retail/D2C & manufacturing, nationwide tier-2/3 (10 entries)","Fireworks manufacturer (sparklers, crackers, aerial displays, novelties) founded 1997, government-registered Green Crackers certificate, registered trademark. Extensive catalogue (dozens of named varieties) — but not one product lists a price and there is no quote-request form; ordering depends on a phone call or a personal Gmail address.",Phone 94453 86600 / 04562 279990 / 04562 272990; Email supremefireworks1997@gmail.com,"Hello Supreme Fireworks team, carrying forward Shri K. Thangiah's legacy since 1997, with a government-registered Green Crackers certificate and dozens of named sparkler and cracker varieties on your site, is a real catalogue. None of those products list a price, though, and there is no quote-request form; ordering still depends on a phone call or a personal Gmail address rather than your own domain. Bitecodes builds simple catalogue and enquiry systems for manufacturers ahead of the festive season. Would a short conversation be useful? Regards, the Bitecodes team",https://supremefireworks.in/,Warm — honours the founder's legacy and the government registration. Authoritative — names the exact missing commercial mechanism tied to a seasonal business reality.,0,0
Chitturi High School,Vijayawada,"Coastal Andhra/Telangana — Visakhapatnam, Vijayawada, Warangal (10 entries)","CBSE school; own site is a basic informational page with no online admissions enquiry form, fee-payment option, or parent portal.",Phone 0866 2577217 / 2577281 / 9347322434; Email contact@chs.ac.in,"Congratulations to Chitturi High School's 4th X-Batch on its 100 percent pass result in the 2025-26 CBSE examinations. We are the Bitecodes team, and we build websites and simple web apps for schools, including online admission enquiry forms, fee-payment pages, and parent-update portals. If your current site could use a digital front door that matches results like these, we would welcome a short conversation about what a refreshed, functional website could look like for Chitturi High School. Warm regards, the Bitecodes team",https://chs.ac.in/,"Warm — specific praise for the exam result. Authoritative — named, concrete services, not generic promises.",0,0
Riya Hospitals,Warangal,"Coastal Andhra/Telangana — Visakhapatnam, Vijayawada, Warangal (10 entries)","Multi-specialty hospital in Hanamkonda (gynecology, cardiology, nephrology, urology, IVF); published contact is a personal Gmail address rather than a hospital-system channel.",Email riyahospital2018@gmail.com; Phone 7093879480 / +91 9949860605,"We noticed Riya Hospitals offers a genuinely broad range of care in Hanamkonda, from gynecology and cardiology to nephrology, urology, and IVF, yet patients reach you through a personal Gmail address rather than a dedicated hospital system. We are the Bitecodes team, and we build booking and patient-communication platforms for healthcare providers. A proper appointment and enquiry system could match the breadth of specialties you already offer. We would welcome the chance to discuss this with you. Warm regards, the Bitecodes team",https://www.riyahospitals.com/,Warm — acknowledges genuine breadth of care. Authoritative — names the specific gap and fix.,0,0
Tejas Elite Events,Vijayawada,"Coastal Andhra/Telangana — Visakhapatnam, Vijayawada, Warangal (10 entries)","Event-management business, operating since 2015; homepage displays broken placeholder statistics (""0+ events hosted, 0% success rate, 0 years experience"").",Email info@tejaseliteevents.com; Phone +91 9640893406; contact form.,"Hello Tejaswini and team, congratulations on a decade of turning weddings and corporate events into memorable experiences across Vijayawada since 2015. We noticed the homepage counters for events hosted and years of experience currently display as zero, which undersells everything you have actually delivered. We are the Bitecodes team, and we build and fix websites like this one, wiring real numbers, galleries, and enquiry forms to match the work behind them. We would welcome a short conversation. Warm regards, the Bitecodes team",https://tejaseliteevents.com/about-us/,"Warm — credits a decade of real events. Authoritative — cites the exact broken metric, not a vague critique.",0,0
Vizag Sea Foods,Visakhapatnam,"Coastal Andhra/Telangana — Visakhapatnam, Vijayawada, Warangal (10 entries)","Seafood processing/export business since 2000; primary contact channel is a personal Gmail address, no catalogue or trade portal on site.",Email vizagseafoodsonline@gmail.com; Phone +91 94411 46189 / +91 81437 00999,"Vizag Sea Foods has been processing and exporting fish, prawns, and crabs from Visakhapatnam since 2000, yet the business still runs its main contact through a personal Gmail inbox rather than a company system. We are the Bitecodes team, and we build simple websites and ordering or catalog tools for manufacturers and exporters like yours, so buyers can reach you through a proper channel that reflects more than two decades in the trade. We would welcome a short conversation about what that could look like. Warm regards, the Bitecodes team",https://vizagseafoods.com/,Warm — credits over two decades of trading. Authoritative — names the precise contact gap and a concrete deliverable.,0,0
CA EVRK & Associates,Vijayawada,"Coastal Andhra/Telangana — Visakhapatnam, Vijayawada, Warangal (10 entries)","20+-year chartered accountancy practice serving NRI clients across India and Australia for tax, FEMA compliance, and property management — cross-border clients are a natural fit for a secure client portal rather than email-only exchange.",Phone +91 9885 43 72 82; Email ask@caevrk.com; contact form.,"CA EVRK and Associates has built more than two decades of practice serving clients across Vijayawada, Hyderabad, and Australia, including NRI clients who need FEMA compliance, property management, and tax filing handled from overseas. We are the Bitecodes team, and we build secure client portals and web apps that let firms like yours exchange documents and track case status without relying purely on email across time zones. We would welcome a short conversation about whether that would help your NRI practice. Warm regards, the Bitecodes team",https://caevrk.com/,"Warm — recognizes genuine cross-border client relationships. Authoritative — one specific, relevant product proposed.",0,0
DPS Warangal (Hanamkonda),Warangal,"Coastal Andhra/Telangana — Visakhapatnam, Vijayawada, Warangal (10 entries)","School group established 2014, second Hanamkonda branch added 2021; branch page is static informational with no admissions or parent-communication tool evident.",Phone +91 90524 99299 (Hanamkonda) / 96763 00411/22/33 (Warangal main campus),"Congratulations on growing the DPS Warangal network to a second campus in Hanamkonda since 2021, alongside the main Warangal school established in 2014. We are the Bitecodes team, and we build admissions and parent-communication apps for growing school groups, the kind of tool that helps a two-campus school keep enquiries, fee reminders, and updates organized in one place as it expands further. We would welcome a short conversation about what this could look like for your schools. Warm regards, the Bitecodes team",https://dpswarangal.in/about-dps-hanamkonda/,Warm — congratulates real campus growth. Authoritative — a named tool tied directly to that growth.,0,0
T&P Hub,Visakhapatnam,"Coastal Andhra/Telangana — Visakhapatnam, Vijayawada, Warangal (10 entries)","Solo-founder HR consulting/corporate training practice, ~75,000 learners and 100+ corporate clients claimed; no learner or client portal evident despite the scale.",Phone +91 9676495903; Email info@tandphub.com,"J. Srinivas Raju has built T&P Hub into a corporate training and HR consulting practice that the website credits with roughly 75,000 learners and more than 100 corporate clients from a Visakhapatnam base. We are the Bitecodes team, and we build learner and client portals, the kind of platform that lets a training practice at this scale manage bookings, certificates, and client history directly, rather than through manual, one-off coordination. We would welcome a short conversation about whether that fits your plans. Warm regards, the Bitecodes team",https://www.tandphub.com/,Warm — credits the founder's stated impact. Authoritative — identifies the specific operational gap a portal would close.,0,0
Vijnana Vihara Residential School,Visakhapatnam,"Coastal Andhra/Telangana — Visakhapatnam, Vijayawada, Warangal (10 entries)","45-year-old CBSE residential school (Gudilova) — 10-bed campus hospital, 14,000-volume library, robotics/skill labs — represented online only by a static contact page, no admissions portal for distant boarding families.",Phone +91 63036 84854; WhatsApp +91 76010 09329; Email admin@vijnanavihara.org,"Vijnana Vihara has run its residential campus in Gudilova since 1980, with a 10-bed campus hospital, a 14,000-volume library, and skill labs covering everything from robotics to pottery. For a boarding school with this much to show, prospective families researching from a distance would benefit from more than a static information page. We are the Bitecodes team, and we build admissions and enquiry portals that let residential schools showcase campus life and manage applications online. We would welcome a short conversation. Warm regards, the Bitecodes team",https://vijnanavihara.org/,Warm — describes genuine campus features. Authoritative — connects them to one concrete proposal.,0,0
Irukulla & Associates,Warangal,"Coastal Andhra/Telangana — Visakhapatnam, Vijayawada, Warangal (10 entries)","Young solo CA practice (qualified at 21), international taxation and foreign-investment advisory; listed contact is a personal Outlook address rather than a firm-domain channel.",Phone +91 81063 49938; Email suhasirukulla@outlook.com,"CA Suhas Irukulla built a Warangal practice covering domestic and international taxation, GST, and foreign investment advisory, notable given he qualified as a Chartered Accountant at 21. Work spanning cross-border clients like this usually outgrows a personal inbox such as the Outlook address currently listed as the main contact. We are the Bitecodes team, and we build client portals and booking systems for professional practices ready to move past email alone. We would welcome a short conversation about your plans. Warm regards, the Bitecodes team",https://www.irukullaca.com/,Warm — acknowledges a notable professional achievement. Authoritative — names the specific contact-channel gap and its fix.,0,0
35mmarts,Visakhapatnam,"Coastal Andhra/Telangana — Visakhapatnam, Vijayawada, Warangal (10 entries)","15-year-old wedding photography/videography studio, 30-person team, 1,200+ weddings completed — a scale that typically needs a client-gallery and booking system, not evident on the site.",Phone +91 9888362222; Email info@35mmarts.com,"Fifteen years, more than 1,200 weddings, and a 30-person team is a substantial operation to run for Nani Narendra and the 35mmarts studio in Visakhapatnam. At that scale, couples and event clients usually expect a private online gallery and a simple booking calendar rather than manual back-and-forth for proofing and scheduling. We are the Bitecodes team, and we build booking and client-gallery platforms for studios exactly like this. We would welcome a short conversation about whether that would help. Warm regards, the Bitecodes team",https://35mmarts.com/,"Warm — celebrates genuine scale. Authoritative — one specific, relevant tool proposed.",0,0
Woodland Hospitals,Shillong,"Northeast — Shillong, Imphal, Agartala (7 entries)","Multi-location private hospital network (Shillong + Jowai), diagnostics and specialist care, real accreditation and a Smile Train cleft-surgery partnership — yet the live site is a dated, static brochure with no online booking, patient portal, or mobile-first design.","Email woodlandhospital@yahoo.co.in; Phone 0364-2500472 / 2225240 (General Enquiry, Shillong)","Hello Woodland Hospitals team, We noticed that Woodland Hospitals serves patients across Shillong and Jowai, including diagnostic services and cleft-lip and palate surgeries with Smile Train. Your current website works well for basic information, but a modern, mobile-friendly site with online appointment booking and simple WhatsApp reminders could reduce front-desk calls and help new patients find the right department faster. Bitecodes builds this kind of software for healthcare providers across India. We would welcome a short call to discuss whether this would be useful for your team. The Bitecodes team",https://woodlandhospitals.com/ ; https://woodlandhospitals.com/contact/,"Warm — specific, verified detail (Jowai network, Smile Train). Authoritative — concrete capability list, no hedging or filler.",0,0
Raps Departmental Store,Shillong,"Northeast — Shillong, Imphal, Agartala (7 entries)","Shillong's first departmental store, trading since 1996, already runs an online grocery shop with delivery — the opening is a basic, functional product-card catalogue with no advanced search, app, or chatbot ordering.",Phone (0364) 2227679; Email shoprapsonline@gmail.com,"Hello Raps team, Raps has been Shillong's trusted departmental store since 1996, and it is good to see the online store already offering delivery within the city. A few upgrades, such as faster product search, a WhatsApp ordering option, and simple order-tracking, could make that online shop easier to use on a phone and help it keep pace with newer entrants. Bitecodes builds this kind of retail e-commerce software for businesses across India, and we would welcome a short conversation about your online store's roadmap. The Bitecodes team",https://www.shopraps.com/,"Warm — the genuine 1996 founding detail. Authoritative — named, concrete features, no filler.",0,0
Shillong Co-operative Urban Bank Ltd,Shillong,"Northeast — Shillong, Imphal, Agartala (7 entries)","Member-owned urban bank, originally registered 1959 (as ""The Bara Bazar Cooperative Bank Ltd""), serves small traders and the urban poor across three Meghalaya districts — a genuine 65-year local institution with dated image compression and a non-contemporary layout.",Email info@scub.co.in; Phone 0364-2500134,"Hello Shillong Co-operative Urban Bank team, Since 1959, the bank has served small traders and the urban poor across East Khasi Hills, West Khasi Hills, and Ri-Bhoi with practical savings, loan, and locker services. That history deserves an equally easy-to-use website; the current site's image quality and layout could be modernized to help members check balances, understand loan products, and reach a branch more easily on a phone. Bitecodes builds this kind of website and simple digital-banking support for financial institutions across India, and we would welcome a short conversation. The Bitecodes team",https://www.scub.co.in/ (redirects to https://www.scub.bank.in/),Warm — genuine respect for a 65-year mission. Authoritative — names specific site weaknesses and a matching capability.,0,0
Raj Medicity,Imphal,"Northeast — Shillong, Imphal, Agartala (7 entries)","One of Manipur's largest multi-specialty hospitals (State Referral Hospital status, founded 2004 as Raj Polyclinic, 50+ physicians, NABL-certified lab) — site has unfinished ""Under Process"" sections, broken placeholder links, text-encoding errors.",Phone +91 8413864113; Email contact@rajmedicity.com,"Hello Raj Medicity team, Twenty years after starting as Raj Polyclinic, Raj Medicity has grown into one of Manipur's largest multi-specialty hospitals, with State Referral Hospital status and round-the-clock trauma care. Your current website, though, still shows unfinished ""Under Process"" sections and broken links that may leave visiting patients unsure of your services. Bitecodes builds clear, mobile-friendly websites and basic patient-enquiry tools for healthcare providers across India, and we would welcome a short conversation about refreshing your online presence to match the hospital's actual scale. The Bitecodes team",https://www.rajmedicity.com/ ; https://www.rajmedicity.com/contact.aspx,Warm — genuine founding history. Authoritative — names exact site defects and a matching capability.,0,0
Thangjam Agro Industries (Likla),Imphal,"Northeast — Shillong, Imphal, Agartala (7 entries)","Food/beverage manufacturer founded 1991, grown from 4 employees to ~800 direct plus 300 sales/distribution staff and 35 retail outlets — site shows unrendered ""0+"" placeholder counters and an otherwise dated layout.",Email info@thangjamagro.com; no phone number found published.,"Hello Thangjam Agro Industries team, Likla's growth from a four-person fruit squash unit in 1991 to roughly 1,100 staff, 35 retail outlets, and over 100 products is a genuine Manipur success story. We noticed your website still shows unrendered ""0+"" placeholders where your real outlet and staff numbers should appear, alongside a somewhat dated layout. Bitecodes builds modern websites and connected tools, such as updated HR or point-of-sale systems, for growing manufacturers across India. We would welcome a short conversation about refreshing your online presence to match Likla's actual scale. The Bitecodes team",https://thangjamagro.com/ ; https://thangjamagro.com/company-profile/,Warm — genuine admiration for a specific growth story. Authoritative — names the exact technical defect and concrete services.,0,0
Herbert School,Imphal,"Northeast — Shillong, Imphal, Agartala (7 entries)","Private co-ed senior secondary school (Herbert Educational Foundation, est. 1999), real current academic results (2026 JEE Advanced/Main qualifiers, a state topper) — undercut by a dated template site with a broken internal link and no online admissions/results functionality.",Email herbert_principal@yahoo.co.in,"Hello Herbert School team, Congratulations on this year's results, including JEE Advanced and JEE Main qualifiers and a state topper in JEE Main Session 1. Achievements like these deserve a website that matches them; the current site still has dated layouts and at least one broken link, with no online way for parents to check admissions or results. Bitecodes builds modern, mobile-friendly school websites, including simple admissions forms and result pages, for education providers across India. We would welcome a short conversation about updating Herbert School's online presence. The Bitecodes team",https://www.herbertschool.net/ ; https://www.herbertschool.net/home/contact,Warm — leads with genuine congratulations on specific achievements. Authoritative — names the exact defect and concrete deliverables.,0,0
The Eye Super Speciality Hospital (Wills Eye Care),Agartala,"Northeast — Shillong, Imphal, Agartala (7 entries)","Independent single-specialty eye hospital founded by ophthalmologist Dr. Partha Pratim Pal (Krishna Nagar, Agartala) — consultations, optical, pharmacy, cashless TPA support. Site footer still stamped ""Copyright © 2022,"" only a plain enquiry form, no real online booking.",Phone 8583948238 / 6009781112; Email willseyesuperspeciality@gmail.com,"Hello Wills Eye Care team, We came across Wills Eye Care Super Speciality Hospital in Krishna Nagar, Agartala, and the range of services Dr. Partha Pratim Pal offers, from consultations to optical and pharmacy support. Your website still shows a 2022 copyright and a simple enquiry form, which may not fully reflect the practice today. Bitecodes builds updated, mobile-friendly websites and basic online appointment booking for healthcare practices across India, and we would welcome a short conversation about whether this could help more patients find and book with you directly. The Bitecodes team",https://willseyesuperspeciality.com/ ; https://willseyesuperspeciality.com/contact-us,"Warm — specific, respectful reference to the founder and location. Authoritative — names the exact dated element and a concrete fix.",0,0
Swastik Nursing Home,Raipur,"Chhattisgarh/MP tier-2 — Raipur, Bilaspur, Jabalpur (10 entries)","Multispeciality hospital (burn/trauma, orthopaedics, ICU, oncology surgery, obstetrics, urology), 24/7 emergency care. Static, mid-2010s design, no visible mobile-responsive layout, personal Gmail address as listed contact.",Email chetanpal88@gmail.com; Phone 91-77143 47172 / 91-79910 31330 / +91 9131546913,"Hello Swastik Nursing Home team, we came across your Burn and Trauma Hospital in Civil Lines and were impressed by the breadth of care you offer, from ICU and oncology surgery to obstetrics and urology, all under one roof with 24/7 emergency support. Patients researching a hospital today start on their phones, and a fast, mobile-friendly site with online appointment booking could make that first search easier to convert into a visit. We build exactly this for healthcare providers. Happy to share examples. Warm regards, the Bitecodes team",http://www.swastik-nursing-home.com/,"Warm — names their specific specialties. Authoritative — concrete capability, no filler.",0,0
Premier Academy,Bilaspur,"Chhattisgarh/MP tier-2 — Raipur, Bilaspur, Jabalpur (10 entries)","Coaching institute covering NEET, IIT-JEE, CUET, CGPSC, UPSC, Bank, SSC and CLAT. Site has a duplicated CLAT menu entry, broken image references, inconsistent formatting.",Email jayeshgumber@gmail.com; Phone +91-8902987789 / +91-6260618880,"Hello Premier Academy team, we noticed you cover an unusually wide range of exams under one roof, NEET, IIT-JEE, CUET, CGPSC, UPSC, Bank, SSC and CLAT, which is a strong pitch for Bilaspur students. A few spots on your website, a duplicated menu item and a couple of missing images, are likely costing you enquiries from parents comparing institutes online. We build clean, fast, mobile-friendly sites for coaching centres, with clear batch and fee information. Happy to share examples. Warm regards, the Bitecodes team",https://premierbsp.com/,"Warm — recognizes their broad offering. Authoritative — specific, verifiable defects plus a clear remedy.",0,0
Lab Care Diagnostics,Raipur,"Chhattisgarh/MP tier-2 — Raipur, Bilaspur, Jabalpur (10 entries)","Pathology chain since 2005, 1,100+ tests, free home sample collection. Site still shows unreplaced ""Lorem ipsum"" placeholder text in key sections.",Email labcare83@gmail.com / kaushal.lcd@gmail.com; Phone 9826725383 / 6261960253,"Hello Lab Care Diagnostics team, congratulations on nearly two decades of service and 1,100+ tests for Raipur families, especially the free home sample collection that must matter a lot to patients. We noticed your website still has a placeholder text block that never got replaced with your own content, which can quietly undercut the trust a lab this established has earned offline. We build fast, mobile-friendly healthcare sites with proper booking flows. Happy to share examples. Warm regards, the Bitecodes team",https://www.labcareraipur.com/,"Warm — celebrates their tenure. Authoritative — names a precise, verifiable defect.",0,0
RVAgro Industries,Raipur,"Chhattisgarh/MP tier-2 — Raipur, Bilaspur, Jabalpur (10 entries)","Rice miller/exporter (boiled, basmati, non-basmati), Urla Industrial Area, local/national/export distribution. Otherwise contemporary site ships a broken video embed and dead social-media links.",Email r.v.agro100@gmail.com; Phone +91 7415463493,"Hello RVAgro team, reaching international and domestic buyers with boiled, basmati and non-basmati rice from Urla takes a website that inspires trust at first glance, so it is worth flagging that yours currently shows a broken video placeholder and a few social links that lead nowhere. Small issues like these can give export buyers pause during due diligence. We build clean, fast sites for manufacturers that hold up under scrutiny, with working media and clear product specs. Happy to share examples. Warm regards, the Bitecodes team",https://www.rvagroindustries.in/,"Warm — acknowledges their real export reach. Authoritative — two concrete, verifiable defects plus a remedy.",0,0
Laxmi Job Consultancy,Bilaspur,"Chhattisgarh/MP tier-2 — Raipur, Bilaspur, Jabalpur (10 entries)","Placement consultancy (logistics, hospitality, manufacturing, education/government, IT, front-line roles). Legacy ASP.NET stack, unreplaced ""Coming Soon"" placeholder images, lorem-ipsum filler text, broken social icons, a ""Temprory"" typo.","Phone +91-9179516482; site also lists email contacts, but the addresses are code-obfuscated and could not be safely quoted exactly.","Hello Laxmi Job Consultancy team, placing candidates across logistics, hospitality, manufacturing, education and IT is a wide, valuable remit for a Bilaspur consultancy. We noticed your website still carries placeholder ""Coming Soon"" images and lorem ipsum text in the service sections, on a fairly old technology base, which can make employers hesitate before sending you a mandate. We build clean, modern, mobile-friendly sites for recruitment firms, with proper employer and candidate forms. Happy to share examples. Warm regards, the Bitecodes team",https://laxmijobconsultancy.com/,"Warm — values their broad service range. Authoritative — four specific, verifiable defects plus a fix.",0,0
St. Joseph's Convent Girls' Sr. Sec. School,Jabalpur,"Chhattisgarh/MP tier-2 — Raipur, Bilaspur, Jabalpur (10 entries)","Nearly 150-year-old CBSE girls' school, one of Jabalpur's pioneer institutions. No responsive design; a broken download link repeats 12 times on the homepage; contact details absent until a deeper page.",Email sjcjbporg@yahoo.com; Phone 0761-4020444,"Hello St. Joseph's Convent team, nearly 150 years as one of Jabalpur's pioneer institutions, with this year's toppers already listed on your homepage, is a remarkable record to stand on. We noticed the site is not yet mobile-friendly, and a download link repeats itself down the homepage, which can make a first-time visitor searching from a phone give up before reaching your contact page. We build clean, mobile-friendly school websites with clear admissions and contact information upfront. Happy to share examples. Warm regards, the Bitecodes team",https://sjcsadar.org/ ; https://sjcsadar.org/contact-us/,"Warm — names the 150-year legacy respectfully. Authoritative — concrete, verifiable defects plus a fix.",0,0
Naik Multispeciality Hospital and Trauma Center,Jabalpur,"Chhattisgarh/MP tier-2 — Raipur, Bilaspur, Jabalpur (10 entries)","70-year-old NABH-accredited hospital, grew from a 20-bed maternity nursing home (1955) into a nine-department facility with ~60 ICU beds. Dated, static WordPress theme, limited mobile responsiveness.",Email info@nmhjabalpur.com; Phone 0761-3500-774; WhatsApp +8770518262,"Hello Naik Multispeciality Hospital team, seventy years of care in Gole Bazar, growing from a twenty-bed maternity home founded by Dr. M.K. Naik and Dr. V.M. Naik into a NABH-accredited hospital with nine departments and around sixty ICU beds, is a genuinely rare legacy in Jabalpur. Your website, though, still reads as a static, dated template that does not fully reflect that scale or trust. We build modern, mobile-friendly hospital websites with clear department pages and appointment booking. Happy to share examples. Warm regards, the Bitecodes team",https://nmhjabalpur.com/,Warm — names the founders and the 70-year legacy. Authoritative — a concrete gap and a specific fix.,0,0
Navkar Jewellers,Raipur,"Chhattisgarh/MP tier-2 — Raipur, Bilaspur, Jabalpur (10 entries)","Decades-old, trusted Raipur jeweller (gold, diamond, silver), Kotwali Chowk. Repeated ""enuire now"" typo, a stray line of unedited placeholder copy, dead social links; every product routes to an enquiry form rather than any purchase or catalogue flow.",Email info@navkarjewelers.com; Phone +91 89827 10000 / +91 97549 81000,"Hello Navkar Jewellers team, being a trusted name in Raipur gold, diamond and silver jewellery for decades at Kotwali Chowk is a strong foundation to build on. We noticed a few rough edges on your website, including a repeated typo on the enquiry button and a stray line of placeholder text that never got replaced, small details that can make shoppers hesitate before trusting a big purchase online. We build polished, mobile-friendly retail sites with working enquiry and catalogue flows. Happy to share examples. Warm regards, the Bitecodes team",https://navkarjewelers.com/,"Warm — affirms their trusted, decades-long status. Authoritative — precise, verifiable defects plus a capability.",0,0
Bilaspur Mining Industries Pvt. Ltd. (BMIPL),Bilaspur,"Chhattisgarh/MP tier-2 — Raipur, Bilaspur, Jabalpur (10 entries)","ISO 9001:2015-certified manufacturer of woven block-bottom sacks/FIBC/BOPP-WPP bags, supplies major cement/construction companies, describes itself as India's biggest maker of block-bottom sacks. Site disables right-click, legacy image-naming, no responsive design.",Email info@bmipl.net; Phone +91 7752-299 360,"Hello BMIPL team, calling yourselves India's biggest manufacturer of woven block-bottom sacks, and counting major cement and construction companies as partners, is a bold and apparently well-earned claim. Your website, however, still disables right-click and shows no sign of adapting to mobile screens, which is an odd first impression for a plant with ISO 9001:2015 certification and serious export-scale ambitions. We build fast, modern, mobile-friendly sites for manufacturers that match the scale of the business behind them. Happy to share examples. Warm regards, the Bitecodes team",https://www.bmipl.net/,Warm — takes their scale claim seriously. Authoritative — precise technical shortcomings plus fitting framing.,0,0
Illusion VFX,Raipur,"Chhattisgarh/MP tier-2 — Raipur, Bilaspur, Jabalpur (10 entries)","Post-production studio (VFX, film editing, 4K color grading, audio mixing, ad/web video) for film, TV, and broadcast clients. Site runs without an HTTPS indicator, shows broken client-logo images, appears untouched since ~2019.",Email illusionvfxcg@gmail.com; Phone +91 9981375958,"Hello Illusion VFX team, offering everything from visual effects and 4K color grading to audio mixing and ad production under one roof in Raipur is an unusually complete post-production offering. It is a little ironic, then, that your own website still runs without a secure HTTPS connection and shows several broken client-logo images, which undersells the craft on show in your actual work. We build modern, fast, secure sites and portfolio pages for creative studios. Happy to share examples. Warm regards, the Bitecodes team",https://illusionvfxcg.com/,"Warm — admires their range. Authoritative — two precise, verifiable faults plus a matching capability.",0,0
AT Thiagarajan Kudil (ATTKudil),Madurai,"Tamil Nadu cluster 2 — Madurai, Trichy, Vellore (12 entries)","Senior-living facility (long-term residence, short-term stays, rehabilitation), dedicated Hindu/Christian/Muslim prayer spaces. Basic static site with no visible phone number, email, or enquiry form anywhere.",No public contact channel found.,"We came across your senior living facility in Madurai and were struck by the multi-faith prayer spaces you provide for residents, a thoughtful detail that deserves to be visible online. At present, your website does not show a phone number, email, or enquiry form, which may cause worried families to look elsewhere. Bitecodes builds simple, trustworthy websites for aged-care providers, with clear contact paths and mobile-friendly design. We would welcome a short conversation about a refresh. — the Bitecodes team",https://attkudil.com/ ; https://attkudil.com/contact.html,Warm — names the genuine prayer-space detail. Authoritative — states the concrete contact gap and a concrete capability.,1,0
Akshara Matriculation Higher Secondary School,Madurai,"Tamil Nadu cluster 2 — Madurai, Trichy, Vellore (12 entries)","30-year history (per its own ""Journey"" page). GoDaddy template mixing event-photo pages into core navigation; only a bare phone/email listed, no address or admissions form.",Email aks.mdu1992@gmail.com; Phone 9344096809,"We noticed your website marks Akshara's 30-year journey in Madurai, a milestone worth celebrating properly online. At present, the site runs on a basic template, mixes event photo pages with core navigation, and gives parents only a phone number and email with no address or enquiry form. Bitecodes builds clear, mobile-friendly websites for schools, with proper admissions pages and easy enquiry forms, so thirty years of trust reads as such online. We would welcome a short conversation about a refresh. — the Bitecodes team",https://aksharaschoolmadurai.in/ ; https://aksharaschoolmadurai.in/contact-us,Warm — leads with the real 30-year milestone. Authoritative — names concrete gaps and a concrete fix.,0,0
GPS Rice Mill,Madurai,"Tamil Nadu cluster 2 — Madurai, Trichy, Vellore (12 entries)","40 years in rice milling across four brands plus export. Early-2010s layout, low-resolution images, no detail on production capacity or certifications — exactly what an export buyer checks first.",Email gpselva27@gmail.com; Phone +91 92442 12466,"Forty years in rice milling under four brands, including Maami's Kitchen and GPS, is a strong record, yet your website still runs on an early-2010s layout with low-resolution images and little detail on production capacity or certifications. Export buyers researching a new supplier will judge that gap before they call. Bitecodes builds clean, credible websites for manufacturers, built to show scale and quality clearly to both domestic and export customers. We would welcome a short conversation about a refresh. — the Bitecodes team",http://gpsricemill.com/,Warm — genuine respect for the 40-year record. Authoritative — ties a concrete gap to a concrete business risk.,0,0
SN Flowers and Exports,Madurai,"Tamil Nadu cluster 2 — Madurai, Trichy, Vellore (12 entries)","Exports Madurai Malli jasmine (loose buds, strings, garlands) from ~3,000 acres to twelve countries; contact email implies roots to 1964. Mid-2000s build, no online enquiry form or catalogue for existing overseas buyers.",Phone +91 9944931273; Email snflowers1964@gmail.com,"Shipping Madurai Malli jasmine to twelve countries, from the United States to Singapore and Dubai, is a genuine achievement for a business that appears to trace back to 1964. Your website, though, still carries a mid-2000s look, with no online enquiry form or clear export catalogue for overseas buyers to browse before they call. Bitecodes builds modern, export-ready websites for producers like yours, built to convert international interest into orders. We would welcome a short conversation about a refresh. — the Bitecodes team",https://snflowersexports.com/,Warm — celebrates the real 1964 origin and export reach. Authoritative — names the missing catalogue/enquiry path.,0,0
Krishna Engineering Company (KEC),Trichy,"Tamil Nadu cluster 2 — Madurai, Trichy, Vellore (12 entries)","ISO 9001:2015-certified foundry, founded 1972, 150 employees, supplies ferrous castings to BHEL and thermal power plants. A real online quote form exists but sits inside an early-2000s HTML site.",Phone 0431-2557218 / 2557496; Email keplcast@gmail.com,"Fifty years supplying ferrous castings to BHEL and thermal power plants, with ISO 9001:2015 certification and 150 employees behind you, is a genuinely strong record. Yet your website still reads as early-2000s, which may cause a new industrial buyer researching KEC online to underestimate the operation before ever calling your quote line. Bitecodes builds credible, modern websites for certified manufacturers, ones that present scale, certifications, and capability clearly to procurement teams. We would welcome a short conversation about a refresh. — the Bitecodes team",https://keccast.com/,Warm — honors the real 50-year record and certification. Authoritative — names a concrete buyer-perception risk.,0,0
Thillai Shri MR Chits Private Limited,Trichy,"Tamil Nadu cluster 2 — Madurai, Trichy, Vellore (12 entries)","Registered chit fund, schemes from INR 1 lakh to 1 crore. One scheme listing displays leftover template text (""24hr Unlimited / Talk Time N/A / Fiber Optics / OTC-Free"") instead of a chit description — an unfinished-template bug on a business asking members to trust it with real savings.",Phone +91 91507 33133 / +91 91502 33633 / +91 431 3596910; Email shrimrchits@gmail.com,"Your website's business-funding scheme currently displays ""24hr Unlimited / Talk Time N/A / Fiber Optics / OTC-Free"" where a chit scheme description should be, a leftover from an unfinished template. For a business that asks members to trust it with real savings, small details like this matter more than they might seem to. Bitecodes builds and properly finishes websites for finance and chit fund businesses, with content checked line by line before it goes live. We would welcome a short conversation about a clean-up. — the Bitecodes team",https://mrchits.com/,"Warm — helpful, non-accusatory framing. Authoritative — quotes the exact broken text and ties it to trust.",0,0
R.C. Matriculation School,"Vaiyampatti, Trichy District","Tamil Nadu cluster 2 — Madurai, Trichy, Vellore (12 entries)","Founded 1996, Samacheer Kalvi curriculum plus silambam martial arts, skating, karate, a 3,000-volume library, three smart classrooms. Repetitive, mid-2010s page layouts undersell those real facilities.",Phone +91 9842661098 / +91 9865437998; Email principal@rcmatriculationschool.org / admissions@rcmatriculationschool.org,"Few schools can offer silambam training alongside skating and karate, and yours has done so since 1996, with a 3,000-volume library and three smart classrooms besides. That kind of programme deserves a website that shows it off, but the current site relies on repetitive, mid-2010s page layouts that undersell what you have built. Bitecodes designs clear, modern websites for schools, ones that let parents see your facilities and admissions details at a glance. We would welcome a short conversation about a refresh. — the Bitecodes team",https://www.rcmatriculationschool.org/,Warm — celebrates a genuinely rare offering. Authoritative — names the layout problem and a concrete outcome.,0,0
Sisco Jobs,Trichy,"Tamil Nadu cluster 2 — Madurai, Trichy, Vellore (12 entries)","Recruitment/HR consultancy since 2007, domestic and overseas placements, claims 95% of placements stay with employers over 18 months — undercut by broken ""Read More"" links and inconsistent image formatting on its own site.",Email hr@siscojobs.com / anwar@siscojobs.com; Phone +91-9786888866,"A claim like 95% of your placements staying with employers for over 18 months is the kind of proof point that should sell itself, yet it currently sits on a site with broken ""Read More"" links and inconsistent image formatting. Since 2007 you have built real placement credibility across domestic and overseas roles; the website should carry that weight as clearly as your track record does. Bitecodes builds clean, functional websites for recruitment consultancies, built to convert that trust into enquiries. We would welcome a short conversation about a refresh. — the Bitecodes team",https://www.siscojobs.com/,Warm — genuine respect for a real trust metric. Authoritative — names the exact broken elements.,0,0
Vellore Home Care,Vellore,"Tamil Nadu cluster 2 — Madurai, Trichy, Vellore (12 entries)","Home healthcare provider (round-the-clock nursing, physiotherapy, ambulance transport, geriatric/palliative care), founder with 18+ years in medicine. Generic stock photos, early-2010s design — a thin first impression for an anxious family.",Phone +91 89402 99355 / +91 63819 11434; Email admin@vellorehomecare.com / vellorehomecare@yahoo.com,"Round-the-clock nursing, physiotherapy, ambulance transport, and palliative care under one roof, built on over 18 years of hands-on medical experience, is a genuinely broad and trustworthy offering. Your website, though, still relies on generic stock photos and early-2010s design, which is a thin first impression for a family searching anxiously for geriatric or palliative care at home. Bitecodes builds warm, credible websites for home healthcare providers, ones that reflect the trust your service already earns in person. We would welcome a short conversation about a refresh. — the Bitecodes team",https://www.vellorehomecare.com/,Warm — empathetic to the family's search experience. Authoritative — names the concrete design gap.,0,0
Don Bosco Matriculation Hr. Sec. School,Vellore,"Tamil Nadu cluster 2 — Madurai, Trichy, Vellore (12 entries)","""25+ Years of Excellence,"" already offers online fee payment and digital admissions — wrapped in early-2010s design with generic stock imagery, a mismatch that can undercut trust in the payment system itself.",Phone 0416-2242887 / 0416-242580 / 8489242887; Email dbmatrickpt@gmail.com,"Offering online fee payment and digital admissions puts your school ahead of many in Vellore, yet both sit inside an early-2010s design with generic stock imagery, which can make parents hesitate before entering payment details. After 25-plus years building a reputation for holistic education, that mismatch is worth closing. Bitecodes builds modern, trustworthy websites for schools, designed to make digital fee payment and admissions feel as safe as they are. We would welcome a short conversation about a refresh. — the Bitecodes team",https://dbvellore.org/,Warm — credits the genuine 25-plus-year reputation. Authoritative — names the trust/security mismatch.,0,0
Dhinesh Hospitals,Vellore,"Tamil Nadu cluster 2 — Madurai, Trichy, Vellore (12 entries)","Well-equipped 50-bed multi-specialty hospital (two modular OTs, 5-bed ICU with ventilator, general surgery, orthopaedics, obstetrics & gynaecology). Copyright footer still reads 2019, roughly seven years stale.",Phone +91 9600435667 / 0416 2227700; Email drarunprakash24@gmail.com,"Two modular operation theatres, a five-bed ICU with ventilator support, and specialists across general surgery, orthopaedics, and obstetrics make Dhinesh Hospitals a genuinely well-equipped 50-bed facility. Yet your website's own copyright footer still reads 2019. Patients now compare surgical and maternity options online before they call, so a seven-year-old site may be costing you that first impression. Bitecodes builds modern, reassuring websites for hospitals, built to match the standard of care you actually provide. We would welcome a short conversation about a refresh. — the Bitecodes team",https://dhineshhospitals.com/,Warm — genuinely credits the hospital's equipment and specialties. Authoritative — names the stale footer year and the concrete risk.,0,0
Aathava Food Products Pvt Ltd,"Tirupattur Taluk, Vellore District","Tamil Nadu cluster 2 — Madurai, Trichy, Vellore (12 entries)","Manufactures Alphonso/Totapuri mango pulp and guava pulp, claims advanced machinery and packaging. Site footer reads 2016, no visible detail on certifications, capacity, or export markets — evidence a B2B buyer looks for first.",Phone +91 9686191411; Email aathavafoodblr@gmail.com,"Advanced manufacturing machines and a modern packaging setup are strong claims for a mango and guava pulp producer to make, yet your website's own footer still reads 2016, with a basic slider and no visible detail on certifications, capacity, or export markets. Beverage, bakery, and ice cream buyers sourcing pulp will look for exactly that evidence before they order. Bitecodes builds clear, credible websites for food manufacturers, built to show real capability to B2B buyers. We would welcome a short conversation about a refresh. — the Bitecodes team",http://www.aathavafood.com/,Warm — takes the company's claims seriously. Authoritative — names the stale footer year and the buyer-evidence gap.,0,0
Royal Hospital,Margao,"Goa — Panaji, Margao & nearby (10 entries)","Multi-specialty hospital in Margao. Site runs on plain HTTP, references the long-discontinued Google+ button, lists no email or physical address — only two phone numbers.",Phone +91-8308838205 / +91-8322737744; no email or address published.,"Hello Royal Hospital team, patients today often check a hospital's website before calling, and we noticed royalhospital.in still runs on a very basic, outdated template, with no secure connection and no email listed alongside your two phone numbers. Bitecodes builds modern, secure, mobile-friendly websites for hospitals, with clear department and doctor information plus simple appointment enquiry forms. We would welcome a short conversation about refreshing your online presence to match the care you provide. Warm regards, the Bitecodes team",http://www.royalhospital.in/,"Warm — opens from the patient's real-world behavior, not a cold pitch. Authoritative — two specific, verifiable technical gaps and a concrete fix.",0,0
Sahakari Spice Farm,"Curti, Ponda","Goa — Panaji, Margao & nearby (10 entries)","Five-generation, 130-acre agro-tourism spice plantation, guided tours and a Goan buffet lunch. Dated, unoptimized WordPress build, no online booking — every visit enquiry is manual phone/email.",Email info@sahakarispicefarm.com; Phone 0832-2312394 / 9922728495 / 9423888966,"Hello Sahakari Spice Farm team, five generations tending 130 acres in Curti, and welcoming visitors with guided spice tours and a Goan lunch, is a rare, multi-generational achievement. Your website still runs on a basic, unoptimized template with no online booking, so every visit currently depends on a call or email reaching the right person at the right time. Bitecodes builds simple, mobile-friendly booking pages for tourism businesses, letting visitors reserve a tour slot directly. We would welcome a short conversation about adding one. Warm regards, the Bitecodes team",https://sahakarispicefarm.com/ ; https://sahakarispicefarm.com/contact-us/,Warm — honors the five-generation legacy before naming any gap. Authoritative — names the specific missing feature and the fix.,0,0
Astra Metal Systems Pvt. Ltd.,Verna,"Goa — Panaji, Margao & nearby (10 entries)","Precision sheet-metal component/assembly manufacturer, Verna Industrial Estate since 1997/98, plants added in Coimbatore, Chennai, Pune, international clients. Dated aesthetic, minor broken carousel elements, a visible typo (""We have have over 25+ years"").",Email info@astrametals.com; Phone +919225907001 / +918326741697,"Hello Astra Metal Systems team, growing from a Verna workshop in the late 1990s into a precision sheet-metal manufacturer with plants in Coimbatore, Chennai, and Pune, and clients abroad, is a genuine engineering achievement. Your website, however, still shows a repeated typo in the experience section and a client-logo carousel that does not load cleanly, small details that undersell that scale to a new prospect doing due diligence. Bitecodes builds clean, modern, mobile-friendly sites for precision manufacturers. Happy to share examples. Warm regards, the Bitecodes team",http://astrametals.com/ ; https://astrametals.com/contact-us/,"Warm — frames the multi-city growth as a real achievement. Authoritative — two concrete, verifiable site defects tied to due-diligence risk.",0,0
Loyola Higher Secondary School of Science and Arts,Margao,"Goa — Panaji, Margao & nearby (10 entries)","Co-ed higher-secondary school, strong published pass rates (98% arts, 97% science, March 2026). Dated Wix build, one text block repeated six times, a section-header typo; contact email is a personal Gmail address.",Email loyolahss.2014@gmail.com; Phone 0832-2731474 / +91-7385608895,"Hello Loyola Higher Secondary School team, a 98 percent pass rate in Arts and 97 percent in Science this March is a result worth showcasing well. On your current website, however, that same result block repeats six times down the homepage, and a section header misspells ""Discipline,"" which can distract a parent trying to learn about the school. Bitecodes builds clean, mobile-friendly school websites with clear admissions, academics, and contact pages. We would welcome a short conversation about a focused redesign. Warm regards, the Bitecodes team",https://www.loyolahssgoa.com/ ; https://www.loyolahssgoa.com/contact,"Warm — leads with the school's own strong exam results. Authoritative — two specific, verifiable site defects with a clear next step.",0,0
Samyojak Consultancy Services,Panaji,"Goa — Panaji, Margao & nearby (10 entries)","Recruitment/executive-search consultancy (talent acquisition, headhunting, career consulting). Job-portal template shows leftover ""Slide Background"" placeholder text in a live content area; statistics counters (years of experience, candidates placed, companies benefited) all display ""0+"".",Email info@samyojak.in; Phone +91 8066080200; WhatsApp +91 9923194537,"Hello Samyojak team, running executive search and full-cycle recruitment out of Panaji for employers across Goa is a genuine, ongoing operation. Your website, though, still shows leftover placeholder text reading ""Slide Background"" on the homepage banner, and every statistic, years of experience, candidates placed, companies served, currently displays as ""0+."" For a recruitment brand, that first impression matters as much as any candidate profile. Bitecodes builds complete, working recruitment websites, with accurate statistics and clear employer and candidate pathways. Happy to discuss. Warm regards, the Bitecodes team",https://scsgoa.co.in/,"Warm — acknowledges the real, ongoing recruitment work before naming a flaw. Authoritative — two specific, verifiable defects with a direct fix.",0,0
Barreto & Co.,Panaji,"Goa — Panaji, Margao & nearby (10 entries)","Chartered accountancy practice (auditing/consulting), Campal Trade Centre. Site is a bare single-page listing with no firm history, partner credentials, or service descriptions — a compliance-driven finance practice with a placeholder site.",Email russell@barreto.in; Phone +91 832 2428814,"Hello Barreto & Co. team, maintaining an accounting and auditing practice at Campal Trade Centre for your Panaji clients takes steady, earned trust. Your current website, though, is a single bare page with no description of your services, background, or client base, leaving a prospective client with little to go on. Bitecodes builds simple, professional websites for accounting and finance practices, with clear service pages and a proper enquiry form. We would welcome a short conversation about building one for you. Warm regards, the Bitecodes team",https://www.barreto.in/,Warm — recognizes the trust-based nature of accounting relationships. Authoritative — names the specific gap with a direct offer.,0,0
Karma Foods (Karma's Goan Masalas),"Chicalim, Mormugao","Goa — Panaji, Margao & nearby (10 entries)","Traditional Goan spice blends/curry pastes/pickles (xacuti, cafreal, vindalho, prawn balchao). Early-2000s-style build, no mobile responsiveness, a broken product link, and ""Order Now""/""Submit Your Recipe"" forms that lead nowhere — no working way to buy a real, sellable product line.",Email karmamasalas@yahoo.in; Phone 7767025844 / 7770026062,"Hello Karma Foods team, a spice and pickle range running from xacuti and cafreal masalas to prawn balchao and squid pickle reflects real, traditional Goan cooking knowledge. On your website, though, the Squid Pickle page currently leads nowhere, and both the ""Order Now"" and ""Submit Your Recipe"" forms do not appear to work on a phone. That is a real barrier for anyone trying to buy today. Bitecodes builds working, mobile-friendly ordering pages for food producers. We would welcome a short conversation about fixing this. Warm regards, the Bitecodes team",https://karmasgoanmasalas.com/,Warm — celebrates the authentic product range by name. Authoritative — two specific broken elements that block an actual sale.,0,0
Gravity Water Sports Adventures,Calangute,"Goa — Panaji, Margao & nearby (10 entries)","Water-sports/boat-tour operator (parasailing, scuba, flyboarding, Grand Island/dolphin trips, sunset cruises). Dated stock-image styling, malformed image paths, booking entirely manual by WhatsApp/phone. Homepage shows a ""temporarily closed"" banner — read as an ordinary monsoon-season pause, not a shutdown (worth a quick recheck before outreach).",Email info@gravitywatersports.com; Phone +91 8669987771/2/3/4,"Hello Gravity Water Sports team, offering parasailing, flyboarding, and Grand Island and dolphin trips out of Khobra Vaddo is a broad activity list for one operator to run. With the monsoon pause on and bookings quiet, this may be a good window to fix a few things on the site: several images do not load correctly, and every booking still runs through phone or WhatsApp with no online option. Bitecodes builds simple, mobile-friendly booking pages for tourism operators. Happy to talk before the season restarts. Warm regards, the Bitecodes team",https://gravitywatersports.com/,"Warm — turns the seasonal lull into a helpful opening, not a hard pitch. Authoritative — two concrete site defects with a matching fix.",0,0
Goa Paints and Allied Products Pvt. Ltd.,Panaji (Patto Plaza),"Goa — Panaji, Margao & nearby (10 entries)","Protective-coatings/marine-paint manufacturer since 1969, describes itself as a pioneer of marine paint production in India. Dated visual style, unlabeled client-logo gallery, a carousel using placeholder anchor links rather than working navigation.",Email goapaints@goapaints.net; Phone +91 8605008862,"Hello Goa Paints team, 55 years making marine and protective coatings, with a claim to being an early name in Indian marine paint, is a strong foundation for a manufacturing brand. Your website, though, still shows a client-logo section with no names attached and a carousel that links to placeholder anchors rather than real content, which understates a heritage this established. Bitecodes builds modern, credible websites for manufacturers, with properly labeled case studies and working navigation. We would welcome a short conversation about a redesign. Warm regards, the Bitecodes team",https://www.goapaints.net/,"Warm — takes the 55-year heritage claim seriously, names it first. Authoritative — two specific, verifiable site defects with a direct fix.",0,0
Living Graciously Goa,North & South Goa,"Goa — Panaji, Margao & nearby (10 entries)","Directory/coordinating service linking families to senior residential care homes across North and South Goa (18 north, 5 south) — nursing, therapy, fitness, end-of-life care. Relies on internal anchor-link navigation rather than real pages, placeholder image file paths, no contact form, only a Gmail address.",Email livinggraciously@gmail.com; Phone +91 9822485409,"Hello Living Graciously Goa team, connecting families across North and South Goa to twenty-three senior care homes, covering nursing, therapy, and end-of-life care, is a useful service for families facing a difficult decision. Your website, though, is a single page relying on internal anchor links rather than proper pages, with no search or contact form, so families must contact each home to compare options. Bitecodes builds clear, searchable directory websites, well suited to aged-care listings like yours. We would welcome a short conversation about this. Warm regards, the Bitecodes team",https://livinggraciouslygoa.com/,Warm — recognizes the real family need without minimizing the subject. Authoritative — names the specific structural gap with a direct capability match.,0,0
Sri Srinivas Industries,Mangalore,"Karnataka coastal — Mangalore, Hubli-Dharwad, Belgaum (11 entries)","Cashew kernel processing/export, third generation (founded 1981), ~500 bags of raw cashew daily, ships to UAE, Middle East, Europe, the Americas, Nepal, Bangladesh, Japan. No published email, address, or contact form — only a WhatsApp button; duplicated leadership sections.","WhatsApp +91 77950 80917 (via site's ""Get In Touch"" button); no email, phone, or address published.","Hello Srinivas Industries team, Three generations processing 500 bags of cashew daily, and shipping to buyers from the UAE to Japan, is a story worth telling well online. At present, WhatsApp is the only way an overseas buyer can reach you outside a phone call, with no enquiry form, catalogue, or order-tracking to capture leads after hours. Bitecodes builds practical websites and web applications for manufacturers and exporters across India. We would be glad to share a quick concept if useful. Best, the Bitecodes team",https://www.srinivasindustries.com/,"Warm — specific, verified detail (500 bags, three generations, named export markets). Authoritative — concrete, unpadded deliverables.",0,0
LaxmiDas Jewellers,Mangalore,"Karnataka coastal — Mangalore, Hubli-Dharwad, Belgaum (11 entries)","Gold/silver jewellery retailer since 1984, ""coastal Karnataka's first ready-made-jewellery outlet,"" four locations now. Dated template, basic galleries, no e-commerce; no published email or contact form, only phone/WhatsApp.",Phone +91 70224 30320; WhatsApp wa.me/917022430320,"Hello LaxmiDas Jewellers team, Coastal Karnataka's first ready-made jewellery outlet, now with four stores since 1984, is a story worth showing off. Your current site runs on a template with no email or enquiry form, so browsers can only reach you by phone or WhatsApp during the same nine hours your showrooms are open. Bitecodes builds catalog-style websites and simple booking tools for retailers, letting customers browse collections and request a custom design anytime. Happy to share a quick mockup if useful. Best, the Bitecodes team",https://www.laxmidasjewellers.in/,"Warm — compliment tied to a verified fact. Authoritative — named, concrete deliverables, no filler.",0,0
Sri Ramakrishna Credit Co-Operative Society Ltd.,Mangalore,"Karnataka coastal — Mangalore, Hubli-Dharwad, Belgaum (11 entries)","Credit co-operative since 1994, ~INR 1,306 crore total business, 29 branches across Dakshina Kannada and Udupi. Dated site, no online account/passbook access — balance checks and loan enquiries need a branch visit or call.",Phone 0824-2492275 / 0824-2493375; Email ho@ramakrishnacredit.com,"Dear Sri Ramakrishna Credit Co-Operative Society team, Thirty-two years of member trust and close to 1,306 crores in business across 29 branches is a strong record. Your website does not yet offer members online account access, so a passbook check or loan enquiry still means a branch visit or a call to Bunts Hostel Circle. Bitecodes builds secure member portals and loan-application tools for financial institutions of your scale. We would welcome a short conversation about what a self-service portal might look like for your members. Regards, the Bitecodes team",https://ramakrishnacredit.com/ ; https://ramakrishnacredit.com/contact,"Warm — specific figures showing real familiarity. Authoritative — precise, scale-appropriate offer.",0,0
Media House Mangalore,Mangalore,"Karnataka coastal — Mangalore, Hubli-Dharwad, Belgaum (11 entries)","Advertising/events company (OOH incl. KSRTC bus advertising, event management, electronic media, graphic design). Site shows ""Copyright 2014,"" legacy HTML with broken links and a defunct Google+ icon, bare PHP contact form.",Phone +91 98451 40402 / 0824 2980402; Email mediahousemlr@gmail.com / mediahousemng@gmail.com,"Hello Media House team, KSRTC bus advertising, outdoor media, and event production under one roof is a strong combination, yet your own website still carries a 2014 copyright line, a Google Plus icon that has not worked since 2019, and a bare contact form with no visible confirmation. For a company that sells visibility, that is worth fixing. Bitecodes builds fast, modern sites with working enquiry forms and portfolio galleries for media and events businesses. Glad to share a quick redesign concept if that would help. Best, the Bitecodes team",http://www.mediahouseindia.com/ ; http://www.mediahouseindia.com/pages-contact.php,"Direct but honest and specific (2014 notice, dead icon), not harsh — stays authoritative.",0,0
Sushruta Hospitals,Hubli (Hubballi),"Karnataka coastal — Mangalore, Hubli-Dharwad, Belgaum (11 entries)","Standalone NABH-accredited 100-bed multispecialty hospital, founded 2006, 22 departments, 100+ visiting specialists. Already takes appointment requests, but consultant profiles and visiting-hours schedules are thin.",Phone +91 944-986-4820 / +91 836 2378600; an email is listed on-site but did not render legibly enough to quote exactly.,"Dear Sushruta Hospitals team, A 100-bed, NABH-accredited hospital with 22 departments and over a hundred visiting specialists is a serious operation to run online. Your site already takes appointment requests, but individual consultant profiles and visiting-hours schedules are thin, which makes it hard for patients to book the right specialist directly. Bitecodes builds patient portals and consultant-scheduling systems for hospitals of your scale, tuned to visiting-doctor timetables. We would be glad to walk through what that could look like for Sushruta. Regards, the Bitecodes team",https://sushrutahospitals.com/,"Warm — genuine respect for scale. Authoritative — precise gap and matching capability, not overstated.",0,0
Karnataka Conveyors & Systems Pvt. Ltd.,Hubli,"Karnataka coastal — Mangalore, Hubli-Dharwad, Belgaum (11 entries)","Engineering manufacturer since 1991, conveyor/material-handling systems for automotive and foundry clients, domestic and overseas. Dated, non-mobile-optimized template, low-resolution imagery — a mismatch for OEM buyers checking before an RFQ.",Phone 08362333759 (marketing 9243244167/68); Email kcspl@karnatakaconveyors.com,"Dear Karnataka Conveyors & Systems team, Three decades supplying conveyor and material-handling systems to the automotive and foundry industries, in India and overseas, is a serious track record. Your website, though, still runs on a dated template with low-resolution images and no mobile-friendly layout, a mismatch for the OEM buyers likely checking you out before sending an RFQ. Bitecodes builds modern, mobile-ready industrial websites and product catalogues for manufacturers like yours. Happy to share a quick redesign concept, no obligation. Regards, the Bitecodes team",https://www.karnatakaconveyors.com/,"Warm — genuine respect. Authoritative — specific technical gaps, matching offer.",0,0
Chetan College of Commerce,Hubli,"Karnataka coastal — Mangalore, Hubli-Dharwad, Belgaum (11 entries)","Private college (BCA, BBA, BCom, PU programmes). Static, image-heavy site, no online admission system, no direct phone/email on the homepage — only WhatsApp and social links.",Phone +91 97413 64051; Email info@chetancollege.org,"Hello Chetan College team, Running BCA, BBA, BCom, and PU programs side by side under one college is a lot to explain to a prospective family, and right now your website leaves that job to a handful of static pages and a WhatsApp number, with no online admission form or application tracker. Bitecodes builds simple admission portals and course-comparison pages for colleges, so students can apply and check status without a phone call. We would welcome the chance to show you a quick concept. Best, the Bitecodes team",https://www.chetancollege.org/ ; https://www.chetancollege.org/contact,"Warm — acknowledges genuine programme complexity. Authoritative — specific, named fix.",0,0
Mishra Pedha Online,Dharwad,"Karnataka coastal — Mangalore, Hubli-Dharwad, Belgaum (11 entries)","Multi-generation Dharwad Pedha brand, 30+ outlets across North Karnataka, recently moved online — resulting e-commerce site is basic and dated, underselling real scale and heritage.",Phone +91 87621 97322; Email mishrapedhaonline@gmail.com,"Hello Mishra Pedha team, Dharwad Pedha carrying the Mishra family name across more than 30 outlets in North Karnataka is rare brand loyalty, and moving that online was a smart step. The current ordering site still reads as a first attempt: basic layout, limited product presentation, nothing that matches the scale of 30 outlets. Bitecodes builds clean e-commerce storefronts and ordering systems for established retail and food brands. We would be glad to show a concept built around what makes Mishra Pedha distinctive. Best, the Bitecodes team",https://mishrapedhaonline.com/about-us,"Warm — genuine appreciation of heritage and scale. Authoritative — concrete, scoped offer.",0,0
REC Engineering Products (REC Flow Technologies LLP),Belgaum,"Karnataka coastal — Mangalore, Hubli-Dharwad, Belgaum (11 entries)","100%-export-oriented manufacturer since 1985, machined valve/pump components for global flow-control industry. Fixed-width layout, broken slider images, no published email.",Phone +91-831-2441018; no email published.,"Dear REC Engineering Products team, A 100% export-oriented unit machining valve and pump components since 1985 is the kind of manufacturer whose website overseas buyers check before placing an order. That website currently has broken slider images, a fixed-width layout that will not adjust on a phone, and no listed email, leaving a phone call as the only way in. Bitecodes builds clean, mobile-friendly sites and product catalogues for export manufacturers. We would welcome the chance to show a concept built around your product range. Regards, the Bitecodes team",https://recengg.com/,Warm — respect for a genuine four-decade export record. Authoritative — specific faults paired with a precise fix.,0,0
Unicare Hospital Belagavi,Belgaum,"Karnataka coastal — Mangalore, Hubli-Dharwad, Belgaum (11 entries)","Standalone multi-specialty hospital in Shahapur (orthopaedics, OBG, paediatrics, general medicine), doctor-profile cards already in place. No functioning online scheduling, no patient portal, no stated founding year or accreditation.",Email unicarehospitalbgm@gmail.com; Phone 8088 814705 / 8313 100119,"Hello Unicare Hospital team, Orthopedics, obstetrics and gynecology, pediatrics, and general medicine under one Shahapur address is a solid range of care, and your doctor-profile cards make that easy to see. What the site does not yet do is let a patient book a slot online, check a doctor's availability, or find out how long Unicare has been serving Belagavi. Bitecodes builds appointment-booking systems and patient-facing portals for hospitals that already have the medical side right. We would welcome a short conversation about closing that gap. Regards, the Bitecodes team",https://www.unicarehospitals.com/,"Warm — genuine compliment on what already works. Authoritative — specific missing capability, not a blanket critique.",0,0
Belagavi District Central Co-Operative Bank Ltd.,Belgaum,"Karnataka coastal — Mangalore, Hubli-Dharwad, Belgaum (11 entries)","Co-operative bank since 1919, 100+ branches across Belagavi district. Site shows a ""27-10-2021"" last-update notice, basic non-responsive template, no online or net banking.",Phone 0831-2466896; email obfuscated on-site.,"Dear Belagavi District Central Co-Operative Bank team, A century of service and 100 branches across the district is a remarkable footprint for a cooperative bank. Your website has not been updated since 2021, and offers no online or net banking, so every balance check or loan query still means a branch visit. Bitecodes builds secure member portals and online banking front-ends for cooperative and regional financial institutions. We would welcome a conversation about a modest, secure digital upgrade for your members. Regards, the Bitecodes team",https://www.belagavidccb.bank.in/pages/about.php,"Warm — respect for a century of service. Authoritative — precise, verifiable gap and a scaled offer.",0,0
Kaps Overseas,Agra,"UP cluster 2 — Agra, Aligarh, Moradabad (11 entries)","Leather footwear manufacturer/exporter (70,000 pairs/month, 250+ staff, Italian/German machinery, in-house R&D). Broken internal links, inconsistent spelling, no visible recent update — a large export operation undersold by its site.",Email info@kapsoverseas.com; Phone +91-9837005620 / +91-9837044066,"Dear Kaps Overseas team, We came across your export catalogue of ladies' and men's leather footwear and were impressed by your 70,000-pair monthly capacity and in-house R&D. Your website, however, does not yet reflect that scale — broken links and inconsistent spelling undercut the impression international buyers see first. Bitecodes builds fast, modern, mobile-friendly websites for exporters, matched to the caliber of the factory behind them. We would welcome the chance to share a few concrete ideas. Warm regards, the Bitecodes team",https://kapsoverseas.com/,"Warm — names their exact capacity and craft. Authoritative — concrete, no filler.",0,0
Akbar International,Agra,"UP cluster 2 — Agra, Aligarh, Moradabad (11 entries)","Marble-inlay (Parchinkari) handicraft e-commerce site from Taj Ganj. Mid-2010s design, no copyright year, email hidden behind an unreadable anti-spam script.","Phone +91 (562) 4077500 / +91 (562) 4088361; WhatsApp +91-9997-463-411; ""SEND US YOUR QUERY"" contact form (email is script-obscured, not readable).","Dear Akbar International team, Your marble inlay work carrying forward Agra's Parchinkari tradition from Taj Ganj is genuinely distinctive, and your online store already reaches buyers across the USA. We noticed the contact email on your site is hidden behind a script most browsers cannot read, which likely costs enquiries daily. Bitecodes builds and modernizes websites for craft exporters, and could fix that gap along with the site's dated layout. We would welcome a short conversation. Warm regards, the Bitecodes team",https://akbarinternational.com/ ; https://akbarinternational.com/contact,Warm — credits the specific heritage. Authoritative — names the exact technical defect.,0,0
Synergy Plus Hospital,Agra,"UP cluster 2 — Agra, Aligarh, Moradabad (11 entries)","20+ specialty hospital on Mathura Road. Entire patient-facing site runs on unencrypted HTTP, a broken image, a stale 2017 copyright beside 2024/2026 news items, a typo (""Donor Infromation"").",Email info@synergyplushospital.com; Phone 0562 265 1100 / 0562 265 1110,"Dear Synergy Plus Hospital team, Your 20-plus specialty departments and round-the-clock emergency care serve a real need on Mathura Road. We noticed your website still runs on unencrypted HTTP rather than HTTPS, a meaningful concern for a healthcare provider handling patient enquiries online. Bitecodes builds secure, modern websites and patient-facing tools for hospitals and clinics, and could rebuild yours with proper security and a cleaner design. We would welcome the opportunity to discuss this further. Warm regards, the Bitecodes team",http://www.synergyplushospital.com/,Warm — acknowledges real patient-care scope. Authoritative — cites the specific security gap.,0,0
ACE (Academy For Competitive Examinations),Agra,"UP cluster 2 — Agra, Aligarh, Moradabad (11 entries)","28-year-old coaching institute, claims 98% success rate and 15,000+ students. Homepage still shows placeholder ""0 Students / 0 Selections / 0 Years"" counters, broken images, a plain Gmail contact address.",Email aceicsagra@gmail.com; Phone +91 98372 92902 / +91 97600 12902,"Dear ACE Academy team, Twenty-eight years of coaching students toward civil services, banking, and SSC examinations is a genuine track record. We noticed your homepage still shows placeholder counters reading zero students, zero selections, and zero years, alongside a few broken images. Bitecodes builds and repairs websites for coaching institutes, and could align your site with the results you actually deliver, plus a proper branded email address. We would welcome a short conversation. Warm regards, the Bitecodes team",https://aceagra.com/,Warm — credits the 28-year record. Authoritative — names the exact defect.,0,0
Link Locks Pvt. Ltd.,Aligarh,"UP cluster 2 — Agra, Aligarh, Moradabad (11 entries)","Padlock/hardware/hand-tool manufacturer since 1986, 300-500 staff, exports worldwide. Domain runs on a dated marketplace-style template with no copyright year — a real exporter presented like a directory listing.",Email support@linklocks.com; toll-free 1800-547-4559,"Dear Link Locks team, Building padlocks and hardware in Aligarh since 1986, with a workforce of hundreds and exports worldwide, is real manufacturing scale. Your own domain, however, currently runs on a generic marketplace-style template rather than a site built around your brand and history. Bitecodes designs dedicated websites for manufacturers and exporters, giving buyers a clearer, more credible first impression than a directory listing. We would welcome the chance to share some concrete ideas. Warm regards, the Bitecodes team",https://www.linklock.co.in/about-us.htm ; https://www.linklock.co.in/,Warm — recognizes real scale and history. Authoritative — identifies the specific issue.,0,0
Laxmi Locks,Aligarh,"UP cluster 2 — Agra, Aligarh, Moradabad (11 entries)","Lock/hardware manufacturer since 1957 (Laxmi Group, ISO 9001:2008). Broken placeholder icons instead of several product photos, a duplicated navigation menu, thin mobile support.",Phone +91 9927026161 / +91 9927011008; email only via on-site contact form.,"Dear Laxmi Locks team, Nearly seven decades of manufacturing locks and hardware in Aligarh, under ISO 9001:2008 certification, is a strong legacy. We noticed your website currently shows broken placeholder icons where several product images should appear, along with a duplicated menu. Bitecodes rebuilds websites for established manufacturers, so a heritage brand like yours is represented as clearly online as on the factory floor. We would welcome a short conversation about this. Warm regards, the Bitecodes team",https://www.laxmilocks.com/,Warm — honors the near-70-year legacy. Authoritative — cites the specific defect.,0,0
ACN College of Engineering & Management Studies,Aligarh,"UP cluster 2 — Agra, Aligarh, Moradabad (11 entries)","AICTE-approved, AKTU-affiliated engineering/MBA college, 100-acre campus since 2008. Homepage still displays unfilled ""0+"" placeholder counters for alumni and courses, repeated gallery images, broken navigation links.",Email info@acncems.edu.in; Phone +91-9634278143 / +91-9870500242 / +91-9058890019,"Dear ACN College of Engineering & Management Studies team, An AICTE-approved, AKTU-affiliated campus offering engineering and MBA programs since 2008 is a real institutional achievement. We noticed your homepage still displays placeholder counters reading ""0+"" for alumni and courses, along with a few broken navigation links. Bitecodes builds and maintains websites for colleges and training institutes, and could bring your site in line with the credentials and campus you actually have. We would welcome the opportunity to discuss this. Warm regards, the Bitecodes team",https://www.acncems.edu.in/,Warm — credits the AICTE/AKTU credentials. Authoritative — names the exact defect.,0,0
Bharat Brass & Copper Industries,Moradabad,"UP cluster 2 — Agra, Aligarh, Moradabad (11 entries)","Brass/copper/bronze décor and furniture manufacturer, ""over seven decades"" of craft, sold through its own online store. Several product photos still named generically (""File 1.jpg""), no physical address anywhere on the site.",WhatsApp +91-9897031141; on-site contact form (direct email is script-obscured).,"Dear Bharat Brass & Copper Industries team, Seven decades of metalworking heritage from Moradabad, now offered through your own online store, is a compelling story. We noticed several product photos are still saved under generic names such as ""File 1.jpg,"" and no physical address appears anywhere on the site. Bitecodes polishes e-commerce sites for heritage manufacturers, tightening details like these so the store matches the craftsmanship behind it. We would welcome the chance to share a few specific suggestions. Warm regards, the Bitecodes team",https://www.bhabrass.com/,Warm — credits the seven-decade heritage. Authoritative — cites specific gaps.,0,0
Ellen Exports,Moradabad,"UP cluster 2 — Agra, Aligarh, Moradabad (11 entries)","Brass/aluminium/iron/wood handicraft exporter, trading since 1993, still active — footer reads ""Copyright Ellen Exports 2006-2007,"" close to two decades stale.",Email puneet.chaudhary@ellenexports.com; Mobile 098370-43749 / 09319053022; Phone +91-591-2482502,"Dear Ellen Exports team, Manufacturing brass, aluminium, iron, and wooden handicrafts from Moradabad since 1993 represents real staying power. We noticed your website's footer still reads ""Copyright Ellen Exports 2006-2007,"" suggesting it has not been touched in close to two decades even as the business continues trading. Bitecodes rebuilds outdated sites for established exporters, giving active businesses a storefront that reflects their real, ongoing operations. We would welcome the opportunity to discuss a modern replacement. Warm regards, the Bitecodes team",http://ellenexports.com/ ; http://ellenexports.com/business-index.html,Warm — acknowledges 30+ years of continuous trading. Authoritative — quotes the exact stale line.,0,0
Indian Handicraft Exports,Moradabad,"UP cluster 2 — Agra, Aligarh, Moradabad (11 entries)","Copper/brass/iron décor exporter with its own catalogue site. Copyright reads 2023, several in-page anchor links broken, a visible typo (""Lighting Collcetion"").",Email info@indianhandicraftexports.com; Phone +91 8218015122 / +91 8439563270,"Dear Indian Handicraft Exports team, Your range of copper, brass, and iron décor from Moradabad, built around the idea that ""Handmade never go out of Style,"" is a strong catalogue. We noticed the site's copyright reads 2023, with a few broken anchor links and a typo in ""Lighting Collcetion."" Bitecodes refreshes websites for handicraft exporters, correcting details like these while adding the polish international buyers expect. We would welcome the chance to share a few concrete suggestions. Warm regards, the Bitecodes team",https://www.indianhandicraftexports.com/,Warm — quotes their own brand line back to them. Authoritative — names exact defects.,0,0
Metal Factory Exports,Moradabad,"UP cluster 2 — Agra, Aligarh, Moradabad (11 entries)","Metal-handicrafts exporter shipping to the USA, Canada, UK, Germany, France, Italy, Saudi Arabia, UAE. Runs entirely on a free netlify.app subdomain with no purchased domain; footer lists the contact email spelled two different ways (""gamil.com"" and ""gmail.com"").",Email metalfactory09@gmail.com; Phone +91 7906644181 / +91 9456236871; WhatsApp linked on site.,"Dear Metal Factory Exports team, Shipping metal handicrafts to the USA, Canada, UK, and the Gulf is genuine international reach for a Moradabad manufacturer. We noticed your business runs entirely on a free netlify.app address rather than your own domain, and that your footer lists the contact email with two different spellings. Bitecodes builds proper, branded websites and email setups for exporters, so your trade matches your online presence. We would welcome a short conversation about fixing this. Warm regards, the Bitecodes team",https://metalfactoryexports.netlify.app/,Warm — credits the real export reach. Authoritative — names exact hosting/email issues.,0,0
Vasudeva Vilasam,Thiruvananthapuram,"Kerala — Thiruvananthapuram, Kozhikode, Thrissur (10 entries)","140-year-old (since 1884) Ayurvedic nursing home/wellness institution, 37+ centers. Main site has duplicate logo elements, a ""Send Massage"" typo, no online appointment booking — patients book by phone; product line sits on a disconnected separate store.",Phone +91 9895 663 636 / +91 9072 016 000; Email info@vasudeva.com / coo@vasudeva.com,"Dear Vasudeva Vilasam team, few Ayurvedic institutions carry a lineage like yours, serving patients since 1884 across 37+ centers today. We noticed patients still book consultations by phone, and your product range sits on a separate store from your main site. Bitecodes builds web platforms and booking systems for healthcare providers — we could unify appointments, patient records, and vvmart under one experience. We would welcome a short call to explore what fits. Warm regards, the Bitecodes team",https://vasudeva.com/ ; https://vasudeva.com/contact-us/,"Warm — specific 1884/37-center reference. Authoritative — concrete unified-booking proposal, not generic praise.",0,0
Royal Events & Wedding Planner,Thiruvananthapuram,"Kerala — Thiruvananthapuram, Kozhikode, Thrissur (10 entries)","Event-management company founded 2015, 150+ weddings completed (planning, catering, photography/videography, décor, DJ). Template-based, dated look, numerous broken image placeholders in photo galleries.",Phone +91 9995062979; Email info@royaleventscompany.in / royaleventsweddingplanner0011@gmail.com,"Dear Royal Events team, congratulations on completing 150+ weddings since 2015 — that is a real track record in Trivandrum's events scene. We noticed your photo galleries are not loading properly on royaleventscompany.in, which can cost bookings when couples are comparing planners online. Bitecodes builds fast, mobile-friendly websites and simple booking and enquiry systems for event and hospitality businesses. We would be glad to show you what a refreshed gallery and enquiry form could look like, at no obligation. Warm regards, the Bitecodes team",https://www.royaleventscompany.in/,"Warm — specific praise plus a non-judgmental observation. Authoritative — named fix, not generic pitch language.",0,0
Ashoka Printers,Thiruvananthapuram,"Kerala — Thiruvananthapuram, Kozhikode, Thrissur (10 entries)","Sreekariyam-based printing/personalized-products business (offset/digital printing, corporate gifting, textile customization, trophies, ID cards). Template-built, repetitive sections, Gmail address as main business contact, no online quote-request or ordering system.",Phone 8848699483; WhatsApp 8921553466; Email ashokaprinters001@gmail.com,"Dear Ashoka Printers team, your range from offset printing to personalized drinkware and corporate gifting is impressive for a Sreekariyam-based operation. We noticed ashokaprinters.com has no online quote-request form, so every enquiry currently depends on a phone call or WhatsApp message. Bitecodes builds simple quote-and-order tools for printing and manufacturing businesses, letting customers upload artwork and get pricing without waiting on a reply. We would welcome a short conversation about what this could look like for your catalogue. Warm regards, the Bitecodes team",https://ashokaprinters.com/,"Warm — specific mention of catalogue and location. Authoritative — named, concrete deliverable.",0,0
Raj Exports & Traders,Kozhikode (Calicut),"Kerala — Thiruvananthapuram, Kozhikode, Thrissur (10 entries)","Coconut-product trading/export house since 1991 (Rose/RR-brand copra, desiccated coconut, coconut oil), international buyers. Basic non-mobile-responsive early-2000s layout, no phone number or email visible on the homepage — only a bare inquiry form.",Inquiry form on site; no phone number or email published on the homepage.,"Dear Raj Exports & Traders team, three decades of trading Rose and RR brand copra, coconut oil, and desiccated coconut from Calicut to international buyers is a genuine achievement. We noticed rajexportstraders.in has no phone number or email visible to a new buyer, only a basic inquiry form on an early-2000s-style layout. Bitecodes builds modern, mobile-friendly export and trading websites with clear contact paths and product catalogues that build trust with overseas buyers before they ever call. We would welcome a short conversation about refreshing your site. Warm regards, the Bitecodes team",https://rajexportstraders.in/,"Warm — specific respect for the 30-year trading history. Authoritative — concrete fix, not generic filler.",0,0
Cherikunnumal Furniture,"Koyilandy, Kozhikode district","Kerala — Thiruvananthapuram, Kozhikode, Thrissur (10 entries)","Vertically integrated hardwood furniture business (own sawmill, manufacturing unit, retail showroom across three sites), factory-direct pricing, EMI financing. Hero/category images are AI-generated stock art rather than real product photography; footer email links sit behind a Cloudflare obfuscation script that fails for many visitors.",Phone +91 8589094880 / +91 9447634382 / +91 9645924456; email links obfuscated/non-functional.,"Dear Cherikunnumal Furniture team, running your own sawmill, workshop, and Koyilandy showroom together, with factory-direct pricing and EMI options, is a strong offer for furniture buyers. We noticed your site's contact emails are hidden behind a script that fails for some visitors, and the showroom photos are AI-generated stock images rather than your own furniture. Bitecodes builds websites with working contact forms and real photo galleries so customers see actual pieces before they call. We would welcome a short conversation about strengthening your online showroom. Warm regards, the Bitecodes team",http://cherikunnumal.com/,"Warm — specific praise for the sawmill-to-showroom setup. Authoritative — two verifiable technical findings, named fix.",0,0
Calicut HR,Kozhikode,"Kerala — Thiruvananthapuram, Kozhikode, Thrissur (10 entries)","Recruitment/staffing consultancy, Town Hall Road, claims a database of 3,600 members and 1,400 companies (permanent/contract/temp placement, payroll, compliance advisory). Typo in main navigation (""Conatct Us""), footer contact link is only a placeholder ""#"".",Phone +91 7034 40 05 54; Email info@calicuthr.com,"Dear Calicut HR team, matching 3600+ candidates against 1400+ companies is a serious database to have built. We noticed a typo in your main navigation (""Conatct Us"") and a footer contact link that leads nowhere, small details that can cost trust with employers comparing consultancies online. Bitecodes builds clean, reliable websites and simple applicant-tracking tools for recruitment and staffing firms, so every link and form works the way candidates and clients expect. We would welcome a short conversation about tidying up and modernizing your site. Warm regards, the Bitecodes team",https://calicuthr.com/,"Warm — concrete respect for the database's scale. Authoritative — specific, verifiable defects tied to a named fix.",0,0
Chinthamani Offset & Digital Printers,Thrissur,"Kerala — Thiruvananthapuram, Kozhikode, Thrissur (10 entries)","Specialist commercial/security printer (variable data printing, barcoded phone cards, security inks, books/journals/labels), ""for many years."" Dated layout, several service-category links point to a dead ""#"" anchor, no mobile optimization, no online quote-request form.",Phone +91 487 2385080 / 2387080; Email chinthamanyprinters@gmail.com,"Dear Chinthamani Printers team, security inks, variable data printing, and barcoded cards are specialised work, and your site says you have supplied it for many years. We noticed several service links on chinthamaniprinters.com lead to a blank page, and there is no online quote form, so new clients must call or email a Gmail address for pricing. Bitecodes builds modern, mobile-friendly sites with working quote tools for printing businesses, so specialised capabilities like yours are easy to find. We would welcome a short conversation. Warm regards, the Bitecodes team",https://chinthamaniprinters.com/,"Warm — specific respect for the specialised capability. Authoritative — concrete, verifiable defect and named fix.",0,0
Daya Group of Hospitals,Thrissur,"Kerala — Thiruvananthapuram, Kozhikode, Thrissur (10 entries)","Four-location Kerala hospital network (Thrissur general since 2001, Kunnamkulam trauma center, Palakkad branch, Valapad emergency center) — cardiology, orthopedics, emergency care. Dated dropdown navigation, no online appointment booking, no physical address for any centre, contact emails hidden behind a Cloudflare obfuscation script.",Phone varies by facility — Thrissur 0487-2475100/350100; Kunnamkulam 0488-5215700/9207495394; Palakkad 0491-2532044/09188952185; Valapad 0487-2393969/09188012123.,"Dear Daya Hospitals team, running four care centres across Thrissur, Kunnamkulam, Palakkad, and Valapad, spanning cardiology to emergency care, is a genuine regional network. We noticed dayahospitals.in has no online appointment booking and no listed address for any centre, so patients must find the right phone number for the right location on their own. Bitecodes builds location-aware websites and simple booking systems for multi-branch healthcare groups, so patients can find and book the right centre in a few taps. Warm regards, the Bitecodes team",https://dayahospitals.in/,"Warm — specific respect for the four-location network's reach. Authoritative — concrete named gap, named fix.",0,0
Adilakshmi Food Products,Thrissur,"Kerala — Thiruvananthapuram, Kozhikode, Thrissur (10 entries)","Traditional Kerala snacks manufacturer/exporter (banana chips, tapioca chips, murukku, jackfruit chips) under the ""Sarvom"" brand since 2005, 18-person team, international markets. Dated catalogue template dominated by long country-code dropdown lists; personal Gmail address as primary business contact.","Email kodakararajanselvakumar@gmail.com; WhatsApp option present, no distinct number shown.","Dear Adilakshmi Food Products team, exporting Sarvom-brand banana chips, murukku, and jackfruit chips worldwide from Thrissur with just 18 people is a real achievement since 2005. We noticed your website runs on a cluttered catalogue template, with long country-code dropdown lists and a personal Gmail address as the main contact rather than a company email. Bitecodes builds modern, mobile-friendly export websites with proper catalogues and business email, so overseas buyers see a brand that matches your product quality. Warm regards, the Bitecodes team",https://www.adilakshmifoodproducts.in/ ; https://www.adilakshmifoodproducts.in/banana-chips.htm,"Warm — specific respect for export reach relative to team size. Authoritative — concrete named gap, named fix.",0,0
Chemmanur Credits and Investments Limited,Thrissur,"Kerala — Thiruvananthapuram, Kozhikode, Thrissur (10 entries)","RBI-registered NBFC, East Fort, Thrissur (founded 2011) — gold loans, microfinance, business loans across Kerala/Tamil Nadu/Karnataka, including a 24/7 Thrissur branch. Dated, non-responsive layout, no digital loan-application or rate-calculation tool on the homepage.",Phone 0487-2424010 / 0487-7121200; Email mail@chemmanurcredits.com; WhatsApp 8606197566,"Dear Chemmanur Credits team, running a 24/7 gold loan branch in Thrissur alongside a network across Kerala, Tamil Nadu, and Karnataka is a serious operational commitment. We noticed chemmanurcredits.com has no online loan-application or gold-rate calculator on its homepage, so every enquiry still starts with a branch visit or phone call. Bitecodes builds modern, responsive websites with simple loan-estimate and application tools for NBFCs, helping customers start the process before they walk in. Warm regards, the Bitecodes team",https://www.chemmanurcredits.com/,"Warm — specific respect for the 24/7 branch commitment and multi-state footprint. Authoritative — concrete named gap, named fix.",0,0
Radha Jewellers,Cuttack,"Odisha/Jharkhand — Cuttack, Rourkela, Dhanbad (9 entries)","Silver filigree (Tarakashi) jewellery/handicrafts business since 1984. Free Weebly template, no working e-commerce checkout, no published street address, ~15 thin product pages.",Phone 09861104150 / 09778171758,"Dear Radha Jewellers team, We came across your silver filigree (Tarakashi) collection and noticed your craft traces back to 1984, yet the current site runs on a basic template with no functioning checkout and no listed address. Bitecodes builds websites and light e-commerce systems for retail and heritage-craft businesses across India. We would welcome a short conversation about a site that lets customers browse, enquire, and order your filigree jewellery directly, while properly representing four decades of craftsmanship. Warm regards, the Bitecodes team",https://radhajewellers.weebly.com/,"Warm — specific, respectful detail about the craft and its history. Authoritative — concrete, named capability.",0,0
Cuttack Central Co-operative Bank Ltd,Cuttack,"Odisha/Jharkhand — Cuttack, Rourkela, Dhanbad (9 entries)","Cooperative bank formed 1956, RBI-licensed 2012, serves 36 blocks across four districts. Site frozen at a 2021 copyright, pandemic-era notices still live, broken navigation links.",Email ccbho@cuttackccb.co.in,"Dear Cuttack Central Co-operative Bank team, Your website has not been refreshed since 2021: pandemic-era notices are still posted, and several menu links no longer work. For a bank serving 36 blocks across four districts, this is a wide gap between your reach and your online presence. Bitecodes builds and maintains websites, secure member portals, and automated query handling for financial institutions. We would welcome a conversation about a site that matches the trust your bank has built since 1956. Warm regards, the Bitecodes team",https://www.cuttackccb.bank.in/ ; https://www.cuttackccb.bank.in/about,"Warm — respectful, fact-based observation. Authoritative — named, sector-specific capabilities.",0,0
Hotel Bombay Inn,Cuttack,"Odisha/Jharkhand — Cuttack, Rourkela, Dhanbad (9 entries)","Hotel near Cuttack Railway Station, six room categories, multi-cuisine restaurant. Site already displays a 2026 copyright, broken image references, inconsistent formatting.","Phone 7008280144 / 9238444701 / 7381003702 / 0671-2549009 to 2549013; email on the page is obfuscated/encoded, not quoted.","Dear Hotel Bombay Inn team, We visited your website and noticed the footer copyright already reads 2026, several images do not display correctly, and the page formatting is inconsistent across sections. For a hotel walking distance from Cuttack Railway Station, with six room categories and a multi-cuisine restaurant, this is a rough first impression for travellers booking online. Bitecodes builds modern, mobile-friendly websites and booking tools for hotels. We would welcome a conversation about a site that better reflects the experience you offer guests. Warm regards, the Bitecodes team",https://www.hotelbombayinn.com/,"Warm — specific, non-generic observations. Authoritative — named hospitality-relevant capability.",0,0
Hi-Tech Medical College & Hospital,Rourkela,"Odisha/Jharkhand — Cuttack, Rourkela, Dhanbad (9 entries)","Medical college/hospital (diagnostics, emergency, inpatient care). Only listed contact is a personal Gmail address; homepage news dates to 2016-2017.",Phone 0661-3500900; Email hmchrkl@gmail.com,"Dear Hi-Tech Medical College & Hospital team, We visited your website and noticed your listed contact is a personal Gmail address rather than an institutional one, and the homepage news section still shows items from 2016-2017. For a teaching hospital offering diagnostics, emergency, and inpatient care, this understates what you actually deliver. Bitecodes builds websites, patient-facing chatbots, and appointment automation for healthcare and education institutions. We would welcome a short conversation about a digital presence that better reflects the scale of care you provide in Rourkela. Warm regards, the Bitecodes team",https://www.hi-techmedicalrkl.org/ ; https://www.hi-techmedicalrkl.org/diagnosticServices.php,"Warm — genuine, specific observation. Authoritative — concrete sector capability, no filler.",0,0
Rourkela Fabrications Pvt. Ltd.,Rourkela,"Odisha/Jharkhand — Cuttack, Rourkela, Dhanbad (9 entries)","Family-owned structural steel fabrication company, supplies steel plants/ports/power projects, 50+ years. Homepage ""About Us"" and ""Products"" menu items are dead links; desktop-only layout.",Phone +91 661 2482489 / 2482025; Email rfpl@rfplindia.com,"Dear Rourkela Fabrications team, Your website's ""About Us"" and ""Products"" menu items lead nowhere, several images do not load, and the layout only works on a desktop screen. For a company that has supplied steel plants, ports, and power projects for over five decades, this undersells the scale of engineering you deliver. Bitecodes builds modern, mobile-friendly websites for manufacturing and engineering firms. We would welcome a conversation about a site that properly showcases your work and makes you easier to find. Warm regards, the Bitecodes team",https://www.rfplindia.com/ ; https://www.rfplindia.com/contact_us.php,"Warm — respect for the company's fifty-year history. Authoritative — specific technical findings, named capability.",0,0
The Central Park (Hotel),Rourkela,"Odisha/Jharkhand — Cuttack, Rourkela, Dhanbad (9 entries)","Hotel on Bisra Road (fine dining, bar, coffee lounge, banquet space). Site frozen at a 2011 copyright, broken image links, TripAdvisor badges dated 2014-2017.",Phone +91 9078000898 / +91 9937092187; Email info@thecentralpark.in / stay@thecentralpark.in,"Dear team at The Central Park, Your website's copyright notice is still dated 2011, several images do not load, and the TripAdvisor badges shown are from 2014-2017. For a hotel offering fine dining, a bar, a coffee lounge, and banquet facilities on Bisra Road, this is a dated first impression for guests researching a stay online. Bitecodes builds modern, mobile-friendly websites for hotels and hospitality businesses. We would welcome a conversation about refreshing your online presence to match your property. Warm regards, the Bitecodes team",https://www.thecentralpark.in/contact.php,"Warm — concrete, specific detail about the property. Authoritative — named, relevant capability.",0,0
"DY Patil International School, Dhanbad",Dhanbad,"Odisha/Jharkhand — Cuttack, Rourkela, Dhanbad (9 entries)","CBSE school (Nursery to Class 10), Dhaiya. Official contact is a personal Gmail address, footer copyright frozen at 2022, dead menu links. Note: a branch of the larger DY Patil group, not a fully independent local business — flagged for a second look.",Phone +91 73600-62705 / +91 73600-62706; Email dypatilschool.dhanbad@gmail.com,"Dear DY Patil International School team, Your official contact is a personal Gmail address, the footer copyright has not moved past 2022, and a few menu links lead nowhere. For a CBSE school serving Nursery through Class 10 in Dhaiya, this is a noticeable gap for parents evaluating schools online. Bitecodes builds websites, admission-enquiry systems, and parent-communication tools for schools. We would welcome a conversation about a site that presents your school as clearly as your classrooms do. Warm regards, the Bitecodes team",https://www.dypisdhanbad.in/,"Warm — parent-perspective framing. Authoritative — named, school-specific capability.",0,0
Patliputra Multispeciality Hospital,Dhanbad,"Odisha/Jharkhand — Cuttack, Rourkela, Dhanbad (9 entries)","Hospital since 1973, 15+ specialities. Only listed contact is a Gmail address, erroneous 2026 copyright, unlinked department pages, pixelated imagery.",Phone +91 8877645555 / 8578000052; Email info.patliputrahospital@gmail.com; no street address published on the site.,"Dear Patliputra Hospital team, Your listed contact is a Gmail address rather than a hospital domain, several department pages are unlinked, and some images appear pixelated. For a hospital with a legacy of care in Dhanbad since 1973 and more than fifteen specialities, the website does not yet match that history. Bitecodes builds websites, appointment-booking tools, and patient-facing chatbots for hospitals and clinics. We would welcome a conversation about a digital presence built around your fifty years of trust. Warm regards, the Bitecodes team",https://www.patliputrahospital.com/ ; https://www.patliputrahospital.com/about-us.php,"Warm — genuine respect for a five-decade institution. Authoritative — named, healthcare-specific capability.",0,0
K. K. College of Engineering & Management (KKCEM),Dhanbad,"Odisha/Jharkhand — Cuttack, Rourkela, Dhanbad (9 entries)","AICTE-approved engineering college (est. 2010), B.Tech/diploma programmes. Site frozen at a 2016 copyright, dead placeholder links, outdated placement gallery.",Toll-free 1800 120 6203; Email info@kkcemdhanbad.ac.in,"Dear KKCEM team, We visited your website and noticed the footer copyright has been frozen at 2016, several menu items lead to placeholder pages, and the placement gallery has not been updated in some time. For an AICTE-approved engineering college offering programmes in five disciplines, this undersells what you offer to prospective students and their parents. Bitecodes builds modern, mobile-friendly websites and admission-enquiry systems for colleges. We would welcome a conversation about a site that reflects your current courses and placement record. Warm regards, the Bitecodes team",https://www.kkcemdhanbad.ac.in/home ; https://www.kkcemdhanbad.ac.in/contact-us,"Warm — student-and-parent-centred framing. Authoritative — named, college-specific capability.",0,0
Goraksh Hospital,Gorakhpur,"UP cluster 3 — Gorakhpur, Bareilly, Prayagraj (11 entries)","12-department multi-specialty hospital (neurosurgery, orthopedics, gynaecology, urology, ENT), 24-hour emergency care. Functional but visually dated site, basic navigation, no visible online appointment booking.",Email gorakshhospital@gmail.com; Phone +91-7897312208 / 9580491172,"Hello Goraksh Hospital team, we came across your multi-specialty practice on Medical College Road and were impressed by the breadth of departments you run — from neurosurgery to pediatrics — under 24-hour emergency care. Bitecodes builds websites, patient-facing apps and AI chatbots for healthcare providers across India. If useful, we would be glad to show how a refreshed site with online appointment booking could reduce phone-in load for your front desk. Happy to share examples — the Bitecodes team",https://www.gorakshhospital.com/,"Warm — specific detail (departments, location). Authoritative — concrete capability, no filler.",0,0
Gita Press,Gorakhpur,"UP cluster 3 — Gorakhpur, Bareilly, Prayagraj (11 entries)","Publisher/retailer of Hindu religious texts since 1923, e-commerce storefront for books, e-books, and its Kalyan magazine. Live site shows literal, unfilled ""Lorem Ipsum"" placeholder text in the navigation area.",Phone +91-9235400244 (Books) / +91-9235400242 (Kalyan); Email booksales@gitapress.org / kalyan@gitapress.org,"Hello Gita Press team, your reach across 417 million books and 14 languages since 1923 is remarkable, and your online store for books, e-books and Kalyan magazine shows real digital ambition. We did notice placeholder ""Lorem Ipsum"" text still live in a couple of navigation areas — an easy fix. Bitecodes builds and polishes websites and e-commerce platforms; we would welcome the chance to help tidy the site and strengthen it for your readers. Warm regards, the Bitecodes team",https://gitapress.org/,"Warm — genuine praise, gentle framing of the fix. Authoritative — specific, verifiable detail.",0,0
St. Xavier's Public School,Gorakhpur,"UP cluster 3 — Gorakhpur, Bareilly, Prayagraj (11 entries)","CBSE school, Playway through Class 12 (Science/Commerce/Humanities). Early-to-mid-2000s design, image-heavy pages, basic hyperlink navigation, no visible online admissions system.",Phone +91-8009997675 / +91-7317773484 / +91-7851992734 / +91-9415339709; Email xaviersprabhakar@gmail.com,"Hello St. Xavier's Public School team, we came across your school near Bhagat Chauraha and appreciated how you carry students from Playway right through Class 12 across Science, Commerce and Humanities. Your current website felt due for a refresh, so we wanted to introduce Bitecodes — we build modern, easy-to-navigate school websites with online admission inquiry forms, so parents can reach you without relying only on phone calls. Glad to share examples if that is useful. Best, the Bitecodes team",https://www.stxavierspublicschool.co.in/,"Warm — specific, genuine detail. Authoritative — concrete capability offer, gently framed.",0,0
R.K. Jewellers,Gorakhpur,"UP cluster 3 — Gorakhpur, Bareilly, Prayagraj (11 entries)","Gold/diamond/gemstone jeweller, ""40 years"" of trust since 1983. Decent catalog and photo galleries but no e-commerce or booking capability — browsing cannot convert into an enquiry.",Phone +91-7388318619; Email support@jewellersrk.com,"Hello R.K. Jewellers team, forty years of trust in Hindi Bazar for hallmarked gold and certified stones is a real foundation to build on. Your website already shows your catalog nicely, but it currently stops at browsing — there is no way for a customer to enquire about a specific piece or book a store visit online. Bitecodes builds e-commerce and enquiry tools that turn that browsing into leads. Glad to share ideas if useful. Regards, the Bitecodes team",https://www.jewellersrk.com/,"Warm — respect for longevity. Authoritative — precise, non-judgmental gap and matching capability.",0,0
Pragati Hospital,Bareilly,"UP cluster 3 — Gorakhpur, Bareilly, Prayagraj (11 entries)","Private multi-specialty hospital (est. 2009) — obstetrics, neurology, surgery, pediatrics, rheumatology across eight specialist-led departments. Appointment booking runs through an embedded Google Form; early-2010s, non-responsive design.",Phone +91-8449044889 / 0581-2302978; Email pragatihospitalbly@gmail.com,"Hello Pragati Hospital team, we came across your multi-specialty practice on Stadium Road and noted the breadth of care you offer, from obstetrics to neurology to rheumatology, under one roof since 2009. We noticed appointments currently route through an embedded Google Form — Bitecodes builds healthcare websites and booking systems that could give your patients a proper mobile-friendly appointment flow and a modern look to match your clinical range. Happy to share examples. Regards, the Bitecodes team",http://pragatihospitalbareilly.com/,"Warm — appreciative of scope. Authoritative — precise technical observation, no filler.",0,0
Shri Gulab Rai Group of Institutions,Bareilly,"UP cluster 3 — Gorakhpur, Bareilly, Prayagraj (11 entries)","CBSE Montessori/senior-secondary school group, three campuses since 1947. Old ASP.NET pages, minimal styling; homepage surfaces no contact details (found only on a campus sub-page).",Phone +91-7505082998 / +91-8979622999 / +91-9258002381; Email grmschool@rediffmail.com / grmschooldohra@gmail.com,"Hello Shri Gulab Rai Group team, nearly 80 years of educating children across your Nainital Road and Dohra Road campuses is a genuine achievement. We noticed your main website does not surface contact details on the homepage, and the underlying pages look due for a refresh. Bitecodes builds modern school websites that bring all your campuses together in one place, with contact and admissions information easy to find. We would be glad to share examples. Best, the Bitecodes team",https://grmschool.com/ ; https://grmschool.com/nanital/Default.aspx,"Warm — genuine acknowledgment of longevity. Authoritative — specific, verifiable observation.",0,0
Rajgadhia Exports,Bareilly,"UP cluster 3 — Gorakhpur, Bareilly, Prayagraj (11 entries)","Hand-embroidered beaded garment exporter (wedding/evening gowns, appliqués), ships to US/UK/Australia/African markets since 2009. Working catalog and cart, but visual design and typography read mid-2010s.",Phone +91-9319656750 / +91-8445214441; Email info@rajgadhiaexports.com,"Hello Rajgadhia Exports team, shipping your hand-beaded gowns and appliqué work from Bareilly to buyers across the US, UK, Australia and Africa is genuinely impressive. Your site already has a working catalog and cart, which is more than many exporters manage — Bitecodes could help bring the visual design and product presentation up to match the quality of the craftsmanship buyers see when the order arrives. Happy to share relevant examples if useful. Regards, the Bitecodes team",https://rajgadhiaexports.com/,"Warm and specific. Authoritative — precise, non-generic observation.",0,0
G&R Management Consultancy,Bareilly,"UP cluster 3 — Gorakhpur, Bareilly, Prayagraj (11 entries)","Recruitment/HR consultancy serving 13 sectors (BFSI to healthcare to engineering). Early-2010s HTML and color schemes, WhatsApp button and contact form visibly bolted on top.",Phone +91-800-6555559; Email emailglobaljob@gmail.com,"Hello G&R Management Consultancy team, placing candidates across thirteen sectors — from BFSI to healthcare to engineering — out of Bareilly is no small feat. We noticed your website still carries an early-2010s look, with a WhatsApp button and contact form added on top of an older base. Bitecodes builds recruitment and HR platform websites that could give your consultancy a cleaner, more credible face for both clients and candidates. Happy to share relevant examples. Regards, the Bitecodes team",https://www.grconsultancy.co.in/,"Warm and respectful of their reach. Authoritative — specific technical read, no filler.",0,0
Selection Adda,Prayagraj,"UP cluster 3 — Gorakhpur, Bareilly, Prayagraj (11 entries)","Exam-coaching institute in Civil Lines, opposite the UPPSC gate (Bank, SSC, Railway, Insurance, UPSSSC, UPTET, CTET). Site on a modern framework, but its About Us page is sparse — no history, faculty, or results shown.",Phone +91-9721581581; Email selectionadda2018@gmail.com,"Hello Selection Adda team, being positioned right opposite the Lok Sewa Ayog gate in Civil Lines puts you exactly where serious Bank, SSC, Railway and UPSSSC aspirants look for guidance. Your site is technically solid, but the About Us page currently says very little about your track record or faculty. Bitecodes builds content-rich education websites that help institutes like yours convert that foot traffic into online enquiries too. Glad to share ideas if useful. Best, the Bitecodes team",https://www.selectionadda.in/ ; https://www.selectionadda.in/contact-us ; https://www.selectionadda.in/about-us,"Warm — specific local detail. Authoritative — precise, fair observation.",0,0
Srijan Hospital,Prayagraj,"UP cluster 3 — Gorakhpur, Bareilly, Prayagraj (11 entries)","CGHS-approved, NABH-accredited multi-specialty hospital, Civil Lines (est. 2005) — Prayagraj's first dedicated pain clinic plus obstetrics/IVF and pulmonology. Mid-to-late-2010s design, limited mobile responsiveness.",Phone (0532) 2405050 / +91-9935532134; Email info@srijanhospital.com / srijanhospital2005@gmail.com,"Hello Srijan Hospital team, running Prayagraj's first dedicated pain clinic alongside your NABH-accredited obstetrics, IVF and pulmonology departments since 2005 is a strong record. Your website carries real information but the layout and mobile experience feel behind your clinical standards. Bitecodes builds modern, mobile-friendly healthcare websites and patient tools — we would welcome the opportunity to help your site reflect the same standard as your care. Happy to share examples. Regards, the Bitecodes team",https://www.srijanhospital.com/,"Warm — genuine, specific recognition. Authoritative — precise critique tied to a concrete offer.",0,0
Allahabad Enterprises Pvt. Ltd.,Prayagraj,"UP cluster 3 — Gorakhpur, Bareilly, Prayagraj (11 entries)","Heavy steel fabrication manufacturer, Naini's UPSIDC industrial area — power transformer tanks (up to 800MVA/1200KV), railway components, NTPC/Powergrid-approved, since 2007. Site uses generic SVG placeholder graphics instead of real plant/product photography.",Email contact@allahabadenterprises.com; Phone +91 9670934567,"Hello Allahabad Enterprises team, 19 years building power transformer tanks and railway components to NTPC and Powergrid approval standards is a strong record for a Naini-based manufacturer. We noticed your website still uses generic placeholder graphics rather than photos of your actual plant and products. Bitecodes builds industrial B2B websites that let manufacturers like you show real capability to buyers evaluating vendors online. Happy to share relevant examples if useful. Regards, the Bitecodes team",https://allahabadenterprises.com/ ; https://allahabadenterprises.com/?page_id=10,"Warm — factual respect for credentials. Authoritative — specific, verifiable technical detail.",0,0
JM Laboratories,Solan,"Himachal Pradesh — Shimla, Manali, Solan district (8 entries)","WHO-GMP and ISO 9001:2008 certified pharmaceutical manufacturer, Subathu Road, third-party manufacturing and PCD franchise partnerships across Telangana, Punjab, Gujarat, Bihar, Uttarakhand, Haryana. Site still runs on WordPress's ""Twenty Thirteen"" theme, no meaningful update since.",Email jmhealthcare@yahoo.com; Phone +91-9216310884,"Hello JM Laboratories team, We noticed your WHO-GMP and ISO 9001:2008 certified facility in Solan now supplies third-party manufacturing partners across Telangana, Punjab, Gujarat, Bihar, Uttarakhand, and Haryana — an impressive footprint for a company still presenting itself online through a decade-old template. Bitecodes builds websites and web apps for manufacturing and healthcare businesses across India. We would welcome the chance to discuss a modern site with a clear product catalog and franchise-enquiry flow that matches the scale you have already built. Warm regards, the Bitecodes team",https://www.jmlaboratories.in/about-us/ ; https://www.jmlaboratories.in/contact-us/,"Warm — names specific certifications and multi-state reach. Authoritative — concrete platform gap and deliverable, no filler.",0,0
Antrek Tours,Manali,"Himachal Pradesh — Shimla, Manali, Solan district (8 entries)","Adventure tour operator since 1986 (treks, jeep safaris, paragliding, rafting). Unsecured HTTP, table-based layout, copyright footer stuck at ""2004 - 2018.""",Phone +91 98160 22292,"Hello Antrek Tours team, Reaching travelers since 1986 across the Kullu-Manali valley is a genuine achievement, and your range of treks, jeep safaris, and rafting trips shows it. Your site, though, still runs on an unsecured HTTP address with a table-based layout, which likely costs bookings from travelers checking on mobile. Bitecodes builds fast, secure, mobile-first travel sites with clear enquiry flows for operators like yours. We would welcome a short conversation about what an update could do for your bookings. Warm regards, the Bitecodes team",http://www.antrek.co.in/about-antrek ; http://www.antrek.co.in/,Warm — credits 38 years of real trekking experience. Authoritative — exact technical gap and fix.,0,0
Simla Sanitarium & Hospital,Shimla,"Himachal Pradesh — Shimla, Manali, Solan district (8 entries)","Private multi-specialty hospital, Chaura Maidan, ~a century of operation (general medicine, obstetrics, ophthalmology, dentistry, ENT, orthopedics, 24/7 emergency ICU). Site reflects mid-2010s design standards.",Phone 8894000152,"Hello Simla Sanitarium & Hospital team, A century of patient-oriented care from Chaura Maidan, spanning departments from ophthalmology to obstetrics to 24/7 emergency ICU support, is a rare legacy in Shimla. Your website, though, still reflects a mid-2010s design that may undersell that trust to new patients researching care online today. Bitecodes builds modern, mobile-friendly websites for healthcare providers, with clear department pages and simple appointment enquiry forms. We would welcome a short conversation about refreshing your site to match the institution you have built. Warm regards, the Bitecodes team",https://www.sanitariumsimla.org/,"Warm — honors a century of named, specific service. Authoritative — concrete deliverables, not generic praise.",0,0
Himalayan Heritage Hotel,Manali,"Himachal Pradesh — Shimla, Manali, Solan district (8 entries)","Small hotel, Mall Road (deluxe rooms, mountain views). Booking enquiries route through a personal Gmail address on a template-style site last updated in 2023.",Email himalayanheritagebnb@gmail.com; Phone +91 70181 94406,"Hello Himalayan Heritage Hotel team, Your Mall Road location and mountain-view rooms are a strong draw for Manali visitors, but booking enquiries currently route through a personal Gmail address on a template-style site last updated in 2023. That gap can quietly cost you direct bookings that would otherwise skip commission platforms. Bitecodes builds fast, mobile-first hotel websites with direct enquiry and booking forms for small hospitality businesses. We would welcome a short conversation about a site that keeps more of your bookings direct. Warm regards, the Bitecodes team",https://www.thehimalayanheritage.com/,Warm — names the specific location and appeal. Authoritative — booking-channel gap with a concrete fix.,0,0
Riddhi Packages Pvt Ltd,"Baddi, Solan District","Himachal Pradesh — Shimla, Manali, Solan district (8 entries)","Industrial packaging manufacturer (corrugated boxes, PET bottles, pharma containers) since 1995, ~200 employees, serves pharma/food/cosmetic/textile manufacturers globally. Homepage foregrounds ""bio vermicompost,"" a minor side product, ahead of the packaging business itself.","No public contact channel found — the only channel published was tied to an individual, not a general company line.","Hello Riddhi Packages team, Thirty years supplying corrugated boxes, PET bottles, and pharmaceutical containers to manufacturers worldwide from your Baddi facility is a substantial track record. Yet your homepage leads with bio vermicompost, a small side line, ahead of the packaging business that built that record. Bitecodes builds clear, modern websites for manufacturers, ones that put your real product range and capacity front and center for buyers researching suppliers online. We would welcome a short conversation about a site that represents your packaging business properly. Warm regards, the Bitecodes team",https://www.riddhipackages.in/,"Warm — credits the specific 30-year, 200-employee record. Authoritative — names the exact homepage-framing problem.",1,0
Pinegrove School,"Dharampur, Solan District","Himachal Pradesh — Shimla, Manali, Solan district (8 entries)","CBSE residential school (K–12), est. 1991, campuses at Dharampur and Subathu, ISO 9001:2015, Round Square International member. Mid-2000s design, limited mobile responsiveness — a mismatch for a boarding school whose applicants often decide from another city or country.",Phone +91 980-5004-114 / +91 980-5004-115; Email dharampur@pinegroveschool.com / subathu@pinegroveschool.com,"Hello Pinegrove School team, Thirty-plus years of CBSE boarding education across your Dharampur and Subathu campuses, backed by ISO 9001:2015 certification and Round Square membership, is a strong record. Yet your website reflects mid-2000s design, with desktop-heavy layouts that are not easy to browse on a phone. For a boarding school whose applicants decide from another city or country, that first impression matters. Bitecodes builds modern, mobile-friendly school websites with clear admissions journeys. We would welcome a conversation about a site that matches your accreditation. Warm regards, the Bitecodes team",https://pinegrove.in/,Warm — names both campuses and real accreditations. Authoritative — links the design gap to a concrete admissions consequence.,0,0
Leeladhar Stores,Shimla,"Himachal Pradesh — Shimla, Manali, Solan district (8 entries)","Functioning online grocery retailer, working cart/checkout across 18+ categories, active since at least 2017. Platform built on mid-2010s e-commerce conventions, not meaningfully modernized.",Phone 94186-51005,"Hello Leeladhar Stores team, Running a genuine online grocery store in Shimla, with working carts and checkout across eighteen-plus categories since at least 2017, puts you ahead of most local retailers. The platform itself still runs on mid-2010s e-commerce design, which can hold back conversion against a modern mobile checkout. Bitecodes builds fast, mobile-first e-commerce sites for retailers who understand online selling and are ready for the next step. We would welcome a conversation about what a rebuilt storefront could do for your order volume. Warm regards, the Bitecodes team",https://leeladharstores.com/,"Warm — credits the store's real, working e-commerce operation. Authoritative — specific design-era gap and next step.",0,0
Meridian Medicare Ltd,"Shamti, Solan District","Himachal Pradesh — Shimla, Manali, Solan district (8 entries)","Pharmaceutical/dietary-supplement manufacturer since 1987, seven production lines, WHO-GMP and HACCP certified, NSIC-CRISIL SE 1B rating, thousands of client brands. Site runs on a basic Wix template that undersells that credibility to a B2B buyer.",Email info@meridianmedicareltd.com; Phone +91 1792-239-000,"Hello Meridian Medicare team, Thirty-seven years of WHO-GMP and HACCP certified manufacturing across seven production lines, with an NSIC-CRISIL SE 1B rating and thousands of brands, is a serious track record. Your website, though, runs on a basic Wix template that does not reflect that scale to a buyer comparing manufacturing partners online. Bitecodes builds professional, modern websites for pharmaceutical and manufacturing businesses, built to showcase certifications and capacity clearly. We would welcome a conversation about a site that matches the credibility you have earned. Warm regards, the Bitecodes team",https://www.meridianmedicareltd.com/,"Warm — cites the real 37-year record and named certifications. Authoritative — concrete platform gap, no exaggeration.",0,0
Durgapur City Hospital & Clinic Pvt. Ltd.,Durgapur,"West Bengal cluster 2 — Durgapur, Asansol, Malda (9 entries)","95-bed multi-specialty private hospital (founded 1988) — neurosurgery, cardiology, nephrology, dialysis, chemotherapy, 24-hour lab/ECG/sonography/digital X-ray. Site carries a 2015 copyright, javascript:void() dead links, non-functional menu sections, no visible online booking.",Email info@durgapurcityhospital.com / me.cityclinic@rediffmail.com; Phone 245-5262 / 254-6600,"Hello Durgapur City Hospital team, we came across your website while looking at healthcare providers across Durgapur and noticed it still runs on your 2015 build, with a few menu links no longer working. For a 95-bed hospital covering everything from neurosurgery to 24-hour diagnostics, a modern site with online appointment booking and clear department pages could make it far easier for patients to reach the right department. Bitecodes builds websites and booking systems for healthcare providers — happy to share a few ideas if useful. Best, the Bitecodes team",https://www.durgapurcityhospital.com/,"Warm — cites specific, true details (2015 build, dead links, bed count). Authoritative — names a concrete capability, not generic praise.",0,0
Durgapur Public School,Durgapur,"West Bengal cluster 2 — Durgapur, Asansol, Malda (9 entries)","CBSE-affiliated co-ed school, Bidhannagar, part of a wider education group (affiliated colleges listed on-site). Homepage runs an unfinished template: testimonial cards show placeholder text (""Sample Position""), a ""Key Factors"" list repeats two items twice, results section shows four identical ""Result 2021"" links with nothing newer.",Email contact@dpsdgp.com; Phone +91-8170021127,"Hello Durgapur Public School team, while looking at CBSE schools in Durgapur we visited dpsdgp.ac.in and noticed a few pages still carry template placeholder text (a testimonial listed under ""Sample Position""), and the results section stops at 2021. For a school with as many affiliated colleges as yours, a refreshed site with current results, real testimonials, and simple online admissions enquiries would present the group far better to prospective parents. Bitecodes builds websites for schools and education groups — glad to share ideas if useful. Best, the Bitecodes team",https://dpsdgp.ac.in/,"Warm — a specific, true, gently phrased detail, not generic flattery. Authoritative — concrete capability, no overclaiming.",0,0
Shree Krishna Sevashram,Durgapur,"West Bengal cluster 2 — Durgapur, Asansol, Malda (9 entries)","Assisted-living/geriatric care home, Rupganj (office Bidhan Nagar Sector 2A), ~a decade of operation. Multiple spelling errors (""Cullinary,"" ""Defficieny,"" ""Guarranty""), no listed copyright year, basic dated layout.",Email info@shreekrishnasevashram.org; Phone 0343-2531161,"Hello Shree Krishna Sevashram team, we came across shreekrishnasevashram.org while looking at senior-care facilities in Durgapur and noticed a few typos on the page (such as ""Cullinary"" and ""Defficieny"") and no listed copyright year, which can make the site look neglected to families researching care options online. Given how much trust matters in this decision, a cleaner, corrected website with clear photos of your rooms and services could reassure families faster. Bitecodes builds and refreshes websites for healthcare and care providers — happy to help if useful. Best, the Bitecodes team",http://shreekrishnasevashram.org/,"Warm — respectful of a sensitive decision while citing specific, true details. Authoritative — concrete capability, not overselling.",0,0
Elite Events,Durgapur,"West Bengal cluster 2 — Durgapur, Asansol, Malda (9 entries)","Event management company (weddings, corporate events, launches), covers Durgapur/Asansol/Bardhaman/Raniganj/Bankura/Bolpur/Panagarh, 7+ years. ""No post"" placeholder in an inactive blog section, dead footer links (Cookies, Privacy Policy, Terms & Conditions), broken links on several listed services, no copyright year.",Email helloeliteevents@gmail.com; Phone 080732 23294,"Hello Elite Events team, we came across eliteevents.in while researching event companies across Durgapur and Asansol and noticed the blog still shows a ""No post"" placeholder, and a few footer links, including Privacy Policy and some services, do not work. For a business covering weddings and corporate events across so many towns, a site that loads cleanly end-to-end would help couples and companies trust you before they even call. Bitecodes builds and fixes websites for service businesses — happy to share ideas. Best, the Bitecodes team",https://eliteevents.in/,"Warm — acknowledges real regional reach before naming specific, true flaws. Authoritative — concrete capability, not overselling.",0,0
India International School,Asansol,"West Bengal cluster 2 — Durgapur, Asansol, Malda (9 entries)","English-medium CBSE school (since 2008), Kalyanpur Satellite Township — swimming pool, rifle-shooting range, lift, active 2025-26 events calendar. Notice Board/Photo Gallery contain many duplicated entries, several gallery images fail to load, ""Prospectus"" quick link is an incomplete placeholder leading nowhere, no footer copyright year.",Email indiaintschool@gmail.com; Phone 9933800666,"Hello India International School team, we visited iisasansol.org while looking at schools in Asansol and were glad to see how active your calendar is, but noticed the Notice Board repeats several entries, a few gallery images do not load, and the Prospectus link does not go anywhere. With everything the school achieves, from CBSE toppers to the yoga nationals, a cleaner site would let that story come through clearly. Bitecodes builds and tidies school websites — happy to share a few ideas if useful. Best, the Bitecodes team",https://www.iisasansol.org/,"Warm — leads with genuine, specific praise before naming true flaws. Authoritative — concrete, relevant capability, no overselling.",0,0
Asansol Private ITI,Asansol,"West Bengal cluster 2 — Durgapur, Asansol, Malda (9 entries)","Private Industrial Training Institute, G.T. Road, Fatehpur — Electrician and Fitter trades to Government of India curriculum standards. Copyright frozen at ""2018-20,"" broken/empty social-media icon links, low-resolution early-2010s-style imagery throughout.",Email info.asansoliti@gmail.com; Phone +91-9333111852 / landline +91-341-2251515,"Hello Asansol Private ITI team, we visited asansoliti.com while looking at vocational training institutes in Asansol and noticed the copyright footer still reads ""2018-20,"" the social media icons do not link anywhere, and the photos are quite low resolution. For an institute training Electricians and Fitters to government standards, a refreshed site with current photos and working links would help prospective students trust what they are signing up for. Bitecodes builds websites for training institutes and colleges — happy to share ideas if useful. Best, the Bitecodes team",https://asansoliti.com/,"Warm — specific, easily checkable details. Authoritative — concrete, relevant capability.",0,0
Chowdhury Transport,Malda,"West Bengal cluster 2 — Durgapur, Asansol, Malda (9 entries)","Fresh-produce exporter/supplier — Malda's signature mango varieties (Lakkhan Bhog, Himsagar, Malda Mango) plus potato and brinjal, established 2021, self-reported 20-50 employees, Rs 25-50 crore turnover band. ""Glimpse of Our Company"" section shows generic placeholder labels; enquiry form has an unwieldy, uncustomized country-code dropdown.",Email hrithik3252@gmail.com,"Hello Chowdhury Transport team, we looked at chowdhurytransport.co.in while researching Malda's mango and potato exporters and noticed the ""Glimpse of Our Company"" section still shows generic placeholder labels, and the enquiry form's country-code list is quite unwieldy. For a business reportedly shipping Lakkhan Bhog and Himsagar mangoes to multiple markets, a cleaner site with real photos and a simpler enquiry form could help buyers trust and reach you faster. Bitecodes builds websites for exporters and trading businesses — happy to share ideas. Best, the Bitecodes team",https://www.chowdhurytransport.co.in/,"Warm — specific, real observations tied to actual products. Authoritative — concrete capability, no hype.",0,0
Daffodils English Academy,Malda,"West Bengal cluster 2 — Durgapur, Asansol, Malda (9 entries)","CBSE-aligned English-medium school, Ramakrishna Mission Road/Badh Road — library, AV room, indoor play area, values-based curriculum. Identical, verbatim-recycled text in Vision and Mission sections, a placeholder-GIF image instead of real photography, an unfinished ""Join Our Mailing List"" widget, footer reads ""Copyright © 2026.""",Phone +91 755 105 1185; no email or contact form found on the page.,"Hello Daffodils English Academy team, we visited daffodilsschools.in while researching schools in Malda and noticed the Vision and Mission sections repeat the same text, one photo loads as a placeholder image, and the footer shows a ""2026"" copyright that does not add up. For a school offering a library, AV room, and indoor play area, a polished, accurate site would represent it better to parents comparing schools online. Bitecodes builds school websites — happy to share a few thoughts if useful. Best, the Bitecodes team",https://daffodilsschools.in/,"Warm — specific, true, non-mocking details. Authoritative — plain, concrete capability, not overselling.",0,0
Ally and Consultancy Pvt. Ltd.,Malda,"West Bengal cluster 2 — Durgapur, Asansol, Malda (9 entries)","International manpower recruitment/placement/immigration consultancy, Hatinda, Rajnagar, Chanchal — network across Malda, Raiganj, Siliguri, Kolkata, Bihar. Non-functional language-toggle buttons (French, German, Hindi present but inactive), a visible visitor-counter widget, early-2000s-style template layout.","Email allyandconsultancy@gmail.com; phone link exists on the page but the number itself is masked, not quoted.","Hello Ally and Consultancy team, we visited allyanco.com while researching placement and recruitment firms based in Malda and noticed the language buttons for French, German, and Hindi do not switch the page, and the site still runs a visitor counter, both signs of a much older build. For a firm placing candidates across Eastern India and overseas, a modern, mobile-friendly site would likely build more confidence with both candidates and employers. Bitecodes builds websites for recruitment and consultancy firms — happy to share ideas if useful. Best, the Bitecodes team",https://www.allyanco.com/,"Warm — specific, verifiable technical details, not vague criticism. Authoritative — concrete, relevant capability.",0,0
Yashoda Hospital,Gwalior,"MP cluster 2 — Gwalior, Ujjain, Sagar (6 entries)","Private multi-specialty hospital (orthopedics, neurosurgery, urology, obstetrics, pediatrics, ophthalmology, dental, 24/7 trauma and delivery), claims 25,000+ patients treated. Static, doctor-by-doctor HTML page — no booking, no patient portal, no email, no street address.",WhatsApp only — wa.me/6267881430; no email or address found.,"Dear Yashoda Hospital team, We came across your multi-specialty practice in Gwalior and were struck by the range of care you provide, from neurosurgery to twenty-four-hour trauma and delivery services. Your website, however, offers no appointment booking or patient portal, and lists only a WhatsApp number as a way to reach you. Bitecodes builds booking systems, patient-record tools, and AI intake chatbots for healthcare providers across India. We would welcome a short conversation about a website that matches the scale of care you already deliver. The Bitecodes team",https://yashodahospitalgwl.com/,"Warm — specific respect for real services offered. Authoritative — named, concrete capabilities, not generic sales language.",0,1
Nagrik Sahakari Bank Maryadit,Gwalior,"MP cluster 2 — Gwalior, Ujjain, Sagar (6 entries)","Gwalior's first urban cooperative bank (registered 1978), runs genuine net banking/UPI/mobile banking. Public site has broken image placeholders, duplicate menus, desktop-only layout — real capability well ahead of what the homepage shows.",Toll-free 1800-2332-156,"Dear Nagrik Sahakari Bank team, Congratulations on serving Gwalior since 1978 as the city's first urban cooperative bank, now offering net banking, UPI, and mobile banking to your members. Your public website, though, still shows broken images and duplicate menus, which understates the digital banking you already run behind the scenes. Bitecodes builds and modernizes web platforms and REST APIs for financial institutions across India. We would welcome a conversation about a website that reflects the institution you have actually built. The Bitecodes team",https://nsbgwalior.bank.in/Eng/,"Warm — genuine congratulations on a specific, verified milestone. Authoritative — named, checkable gap and named deliverables, no filler.",0,1
Rock Engines Private Limited,Ujjain,"MP cluster 2 — Gwalior, Ujjain, Sagar (6 entries)","Manufacturer since 2006, holds a patent on ""Quick Oil Chamber Clean"" vacuum oil-change machines sold nationwide (two-wheelers through DG sets). Dated template, no e-commerce, dealer locator, or spare-parts ordering — every lead goes through a phone call or basic form.",Phone +91-9425431374 (enquiry) / +91-8109072228 (after sales); Email info@rockenginesindia.com,"Dear Rock Engines team, Two decades in, your patented Quick Oil Chamber Clean machines are still doing genuine engineering work for garages and fuel stations nationwide. Your website, though, remains a dated template with no dealer locator or spare-parts ordering, leaving every enquiry to route through a phone call or a basic form. Bitecodes builds modern websites, dealer and enquiry portals, and REST APIs for manufacturers like yours. We would welcome a short conversation about a site that matches the engineering behind your machines. The Bitecodes team",https://www.rockenginesindia.com/,"Warm — specific respect for the patent and its history. Authoritative — named gaps and named, concrete deliverables.",0,1
Delhi Public School Ujjain,Ujjain,"MP cluster 2 — Gwalior, Ujjain, Sagar (6 entries)","Locally run CBSE school (12-acre campus, under the Delhi Public School Society's aegis), promotes a ""technology-driven approach."" Generic, dated template with no phone number or email on the page itself — only a separate enquiry portal.","No public contact channel found — no phone or email on the page itself, only a link to a separate enquiry portal.","Dear Delhi Public School Ujjain team, Your school describes its approach as technology-driven, and your twelve-acre campus and lab facilities back that up. Your public website, though, is a generic template with no phone number or email listed anywhere on the page, leaving a parent to hunt for a separate portal to ask a simple question. Bitecodes builds clear, modern websites and enquiry systems for schools across India. We would welcome a short conversation about a site that actually reflects your technology-driven approach. The Bitecodes team",https://dpsujjain.org/,"Warm — credits real facilities before naming the gap. Authoritative — one precise, checkable observation, not vague criticism.",1,1
Maa Sharda Hospital,Sagar,"MP cluster 2 — Gwalior, Ujjain, Sagar (6 entries)","Gynecology practice (Dr. Shivika Yadav), round-the-clock emergency care, Chameli Chowk. Page is essentially one line of text (name, doctor, area, specialty, ""24/7 emergency"" banner) — no phone number, email, or booking option anywhere on it.",No public contact channel found — nothing published on the site itself.,"Dear Maa Sharda Hospital team, Your website tells patients that Dr. Shivika Yadav's practice at Chameli Chowk offers round-the-clock emergency gynecological care. Yet the page itself lists no phone number, email, or booking option, so a worried patient has no way to actually reach you from it. Bitecodes builds simple, fast websites for healthcare practices, designed so a phone number or booking option is never more than a glance away. We would welcome a short conversation about a website that matches the urgency of the care you provide. The Bitecodes team",https://mashardahospital.com/,"Warm and respectful of the real service provided. Authoritative — one precise, verifiable gap and a clear capability statement.",1,1
St. Joseph's Convent Sr. Sec. School,Sagar,"MP cluster 2 — Gwalior, Ujjain, Sagar (6 entries)","CBSE school, Sagar Cantt, founding order traces to 1650. Already runs a SchoolERP, parent login, and online nursery registration — behind a dated PHP template site whose only listed email is a yahoo.co.in address.",Phone 07582-224546; Email stjosephsss2002@yahoo.co.in,"Dear St. Joseph's Convent School team, Few schools in Sagar can trace their lineage back to 1650, and your parent login and online nursery registration already show modern thinking. Yet your public website still runs on a dated template, with a yahoo.co.in address as its only listed email — a small detail that undersells a school with your history. Bitecodes designs modern websites and admission systems for schools across India. We would welcome a short conversation about a site worthy of your heritage. The Bitecodes team",https://sjcsagar.net/,"Warm — honors genuine, checkable heritage. Authoritative — one specific fact, not a vague dig at the site.",0,1
JJ Plus Hospitals,Aurangabad,"Maharashtra cluster 3 — Aurangabad (Chhatrapati Sambhajinagar), Amravati, Akola (9 entries)","Multispeciality hospital (neurosurgery, cardiology, neurology, orthopedics, ICU/NICU, emergency) partnered with ""Neuron International."" Its own values page names Technology as a core commitment, yet every path to booking — including the homepage's ""Book an Appointment"" tile — resolves to a phone call; no online booking or patient portal; /contact-us/ page 404s.",Phone 0240 6666000 / 9112241201 / 9112241202; no email published.,"Hello JJ Plus Hospitals team, your TARAI values page names Technology as a core commitment, and your work with Neuron International brings advanced neuro and cardiac care to Chhatrapati Sambhajinagar. We noticed that booking an appointment currently means calling one of your three phone lines, with no online option. Bitecodes builds simple booking portals and WhatsApp assistants for hospitals, so patients can request an appointment or ask a routine question without waiting on hold. We would welcome a short conversation about whether this fits your plans. The Bitecodes team",https://jjplushospitals.com/,"Warm — references their own ""Technology"" language genuinely. Authoritative — names the exact gap, concrete capability, no filler.",0,1
Amravati Orange Farm,Amravati (Hiwarkhed),"Maharashtra cluster 3 — Aurangabad (Chhatrapati Sambhajinagar), Amravati, Akola (9 entries)","Growing organic orange farm/agri-tourism business, 45 genuine Google reviews including four-year repeat customers. Only ""website"" is a free third-party builder subdomain; online ordering is a bare Google Form with no tracking or payment.","Phone 086003 35065; Email siddheshbhojane27@gmail.com (sole-proprietor micro-business, no other channel).","Hello Amravati Orange Farm team, forty-five Google reviews and customers who have ordered from you for four years say a great deal about your oranges. We noticed that ordering still runs through a plain Google Form, on a site built on a free template. Bitecodes builds simple ordering and delivery-tracking pages for small food businesses, so regular customers can reorder in a few taps and you can see orders in one place instead of a spreadsheet. Happy to show you a quick example if that would help. The Bitecodes team",https://orange-farm.ueniweb.com/,Warm — celebrates genuine reviews and loyal customers. Authoritative — names the precise gap with a concrete fix.,0,1
Paradise Placement Consultancy,Aurangabad,"Maharashtra cluster 3 — Aurangabad (Chhatrapati Sambhajinagar), Amravati, Akola (9 entries)","Active RPO/recruitment consultancy, clients include Dhoot Transmission, Aurangabad Electricals, Birla Precision Technologies. Site promises Recruiter Login, Career Login, Submit Resume — but homepage ""Business Statistics"" counters (Clients/Openings/Placements/Team) render with no figures, a visibly broken widget.",Phone +91 9765567505 / +91 9860366660 (employers); Email bdm@paradiseplacement.in / career@paradiseplacement.in,"Hello Paradise Placement Consultancy team, your site already promises Recruiter Login, Career Login, and Submit Resume features for clients such as Dhoot Transmission and Birla Precision Technologies, which says a lot about how far your RPO work has grown. We noticed the homepage's client and placement counters are not showing any figures, though. Bitecodes builds working recruiter and candidate portals, plus WhatsApp-based candidate screening, so those promises match what visitors actually see on the page. We would be glad to discuss this on a short call. The Bitecodes team",https://paradiseplacement.in/ ; https://paradiseplacement.in/contact,Warm — credits their real client roster. Authoritative — names the specific broken widget and matching fix.,0,1
The Akola Urban Co-Operative Bank Ltd.,Akola,"Maharashtra cluster 3 — Aurangabad (Chhatrapati Sambhajinagar), Amravati, Akola (9 entries)","DICGC-registered cooperative bank, recently won ""Best Co-Operative Bank"" and ""Best KYC Initiative"" awards. Homepage runs an AI chat widget (""PAi,"" CoRover/NPCI) — but displays a live ""License Error: License not valid for domain"" to every visitor, verified on two separate loads.",Phone 0724-2453850 to 54; Toll-Free 1800 123 8021; Email enquiry@akolaurban.bank.in,"Hello Akola Urban Co-Operative Bank team, congratulations on the Best Co-Operative Bank and Best KYC Initiative recognitions noted on your homepage. We noticed that PAi, the AI assistant built into your site, currently shows a visible ""License not valid for domain"" error to every visitor instead of answering questions. Bitecodes builds and maintains AI chatbots and digital banking tools for financial institutions across India, and we would be glad to help get PAi working again, or build a fresh assistant tailored to your members. The Bitecodes team",https://akolaurban.bank.in/ ; https://akolaurban.bank.in/contact-us.php,"Warm — opens with genuine, earned congratulations. Authoritative — cites the exact error text, concrete fix.",0,1
ABHYASA English School,Amravati,"Maharashtra cluster 3 — Aurangabad (Chhatrapati Sambhajinagar), Amravati, Akola (9 entries)","CBSE-affiliated school (affiliation no. 1130487) since 2005, labs, transport, a promoted ""virtual campus tour."" Only admissions channel is one phone number plus a single generic name/email/subject/message form — no grade-specific enquiry flow, fee information, or application tracking.",Phone 7447764008; generic contact form; no email independently confirmed on the page.,"Hello Abhyasa English School team, two decades of CBSE education on Rewsa Road is a genuine achievement, and your virtual campus tour shows real pride in the school. We noticed that admissions still run through one phone number and a single generic contact form, with no separate enquiry flow for grade, fees, or follow-up. Bitecodes builds simple admissions-enquiry pages and WhatsApp intake for schools, so parents can register interest and you can track it without missing a call. The Bitecodes team",https://abhyasa.ac.in/ ; https://abhyasa.ac.in/contact-us/,"Warm — praises specific, verified achievements. Authoritative — exact form limitation, matching fix.",0,1
Umasons Auto Compo Pvt. Ltd.,Aurangabad,"Maharashtra cluster 3 — Aurangabad (Chhatrapati Sambhajinagar), Amravati, Akola (9 entries)","OEM-grade ancillary manufacturer, aluminium-forged auto components since 2000, two MIDC plants; states it is the first Indian ancillary to supply BMW and Ducati in Germany. Entire site funnels contact through one phone number and one generic feedback inbox — no RFQ or supplier-documentation portal.",Phone +91 9881033644; Email feedback@umasons.com,"Hello Umasons team, supplying aluminium-forged parts to BMW and Ducati out of two plants in Waluj and Shendra MIDC is a genuine achievement for an Indian auto ancillary. We noticed that your website's only way for a client to reach you is one phone number and a general feedback inbox, with no request-a-quote or documentation portal for the OEM partners you already serve. Bitecodes builds RFQ and supplier-documentation portals for manufacturers, matching the scale of the clients you work with. The Bitecodes team",http://umasons.com/,"Warm — genuine respect for a hard-won capability. Authoritative — precise functional gap, not cosmetic.",0,1
Vijay Mandap Decorators & Events,Aurangabad,"Maharashtra cluster 3 — Aurangabad (Chhatrapati Sambhajinagar), Amravati, Akola (9 entries)","Founded 1995, two Guinness World Records, preferred government contractor for state/national elections. Its own ""Next Generation Leadership"" section states in its own words a focus on ""building a stronger digital presence"" — while the current site is a standard brochure/static-form site with no live quote calculator or client portal.",Phone +91 98613 83838 / +91 98239 98888 / +91 98231 18528; Email vijaymandap38@gmail.com,"Hello Vijay Mandap team, two Guinness World Records and thirty years of trust from Maharashtra's government bodies is a remarkable legacy for a Sambhajinagar company. Your own website quotes Tanmay Vijay Shinde's focus on building a stronger digital presence and embracing modern event technologies for the next generation. Bitecodes builds booking and quote tools, plus client portals for event and production companies, and would welcome the chance to help turn that vision into something visitors can actually use. The Bitecodes team",https://vijaymandap.com/,"Warm — celebrates a real, distinctive legacy. Authoritative — quotes their own stated goal back to them with a concrete offer.",0,1
Vostok Industries,Akola,"Maharashtra cluster 3 — Aurangabad (Chhatrapati Sambhajinagar), Amravati, Akola (9 entries)","Manufacturer of ice block machines, cold storage rooms, industrial chilling plants since 1992. Domain is entirely an IndiaMART marketplace template (confirmed by footer credit), auto-generated boilerplate copy, no independent branding.",Phone 08047530907,"Hello Vostok Industries team, more than three decades making cold storage rooms, ice block machines, and chilling plants out of Akola is a solid record. We noticed your website is an IndiaMART storefront using their standard template, rather than a site built around your own products, gallery, and history. Bitecodes builds independent websites and simple enquiry tools for manufacturers, so your business has its own address online instead of a shared template. The Bitecodes team",https://vostokindustries.com/,"Warm — respects the long track record. Authoritative — states the template issue plainly, no exaggeration.",0,1
Jadhao Gears Limited,Amravati,"Maharashtra cluster 3 — Aurangabad (Chhatrapati Sambhajinagar), Amravati, Akola (9 entries)","Flagship of the Jadhao Group, ginning/pressing plant equipment manufacturer since 1986, 6-acre facility, CNC machining, robotic welding, own foundry. Homepage is close to content-free: one factory photograph, a logo, a bare list of three divisions — no product catalogue or enquiry form before clicking into sub-pages.",Phone +91-721-2521382 / +91-721-2522967 / +91-8554997606; Email jgl@jadhaogroup.in,"Hello Jadhao Gears team, running CNC machining, robotic welding, and your own foundry across six acres in Amravati since 1986 is serious manufacturing capability. We noticed your homepage carries a single factory photograph and a short list of group divisions, with no product catalogue or enquiry form before a visitor has to click through to separate pages. Bitecodes builds manufacturer websites with working product catalogues and RFQ forms, matching the actual scale of the business behind them. The Bitecodes team",https://www.jadhaogin.in/ ; /about-us.php ; /contact-us.php,"Warm — respects genuine manufacturing depth. Authoritative — describes the thin front door precisely, matching fix.",0,1
Tea City Photography (TCPA),Dibrugarh,"Assam — Dibrugarh, Silchar, Tezpur (5 entries)","ISO 9001:2015-certified photography studio, ""First Private Institute of Assam accorded NOC for Photography Courses"" per its own homepage. Courses and services sections read ""Coming Soon,"" no email published anywhere, footer credits an outside developer with no visible upkeep since.",Phone +91 9706751110; no email listed.,"Dear Tea City Photography team, We came across your ISO 9001:2015-certified studio and noticed you are Assam's first NOC-accredited private institute for photography courses — a strong credential your website does not yet showcase, since its courses and services sections still read ""Coming Soon."" Bitecodes builds websites, booking tools, and simple AI chatbots for service businesses like yours. We would welcome a short call to discuss a site that matches your certification and lets new students and clients reach you beyond a phone call. Warm regards, the Bitecodes team",https://teacityphotography.org/ ; https://teacityphotography.org/media-production-house.php,"Warm and specific — names the actual certification and the actual gap. Authoritative — concrete deliverables, not generic promises.",0,0
Swastha Hospital,Dibrugarh,"Assam — Dibrugarh, Silchar, Tezpur (5 entries)","Multi-specialty hospital (Helse Medical Sciences Pvt Ltd), 11 clinical departments (cardiology, neurosurgery, ICU/trauma) for Upper Assam and Arunachal Pradesh. Own contact page confirms no online appointment booking, no chatbot/live chat — OPD scheduling is phone-only.",OPD +91-600 053 0755; Emergency +91-600 221 8341 / +91-690 125 8075; Email admin@helsemedical.in,"Dear Swastha Hospital team, Your eleven clinical departments and round-the-clock ICU and trauma care are notable for a hospital serving Upper Assam and Arunachal Pradesh patients. We noticed OPD appointments still route only through a phone call, with no online booking on your site. Bitecodes builds simple booking systems and WhatsApp-based assistants for multi-specialty hospitals, so patients can request a slot without waiting on hold. Happy to show you what this would look like for Swastha Hospital specifically, with no obligation. Warm regards, the Bitecodes team",https://swasthahospital.com/ ; https://swasthahospital.com/contact,"Warm — leads with genuine respect for clinical scope. Authoritative — precise missing capability, scoped fix, no overreach.",0,0
Rishabh S K Jain & Associates,Dibrugarh,"Assam — Dibrugarh, Silchar, Tezpur (5 entries)","Chartered Accountancy practice (audit, income tax, virtual CFO, GST advisory). Otherwise well-designed site, but footer displays a ""© 2035"" date error; no client portal or automated filing-deadline reminders.",Phone +91 8011146801; Email carishabh.dib@gmail.com,"Dear Rishabh S K Jain & Associates team, Your virtual CFO and GST advisory services stand out among Dibrugarh's CA practices, and your website's design reflects that professionalism. We did notice one small fix needed — the footer copyright reads ""2035"" — and no client portal or automated reminders for GST and tax deadlines yet. Bitecodes builds exactly this kind of lightweight client portal and reminder automation for accounting practices. Open to a short conversation about it? Warm regards, the Bitecodes team",https://www.carishabhskjain.com/,"Warm — compliments real service lines before raising the issue gently. Authoritative — verifiable bug, scoped deliverable.",0,0
Silchar Job Consultancy,Silchar,"Assam — Dibrugarh, Silchar, Tezpur (5 entries)","Recruitment/HR consultancy serving Silchar and North-East India, active since 2022. Broken image placeholders, duplicated header navigation, phone/email published only on a separate contact page rather than the homepage.",Phone 7219144764; Email jobs@silcharjobconsultancy.com,"Dear Silchar Job Consultancy team, Congratulations on building a recruitment practice covering Silchar and the wider North-East since 2022. Browsing your site, we noticed a few broken image placeholders and repeated navigation menus, and that your phone and email only appear on a separate contact page rather than the homepage. Bitecodes builds clean, reliable websites and simple candidate-intake chatbots for consultancies like yours, so client and candidate trust is not undercut by small technical gaps. Keen to help — happy to talk. Warm regards, the Bitecodes team",https://silcharjobconsultancy.com/ ; https://silcharjobconsultancy.com/contact,"Warm — congratulatory, specific to their founding story. Authoritative — concrete list of issues, concrete capability offered.",0,0
Nemcare Hospital Tezpur Pvt. Ltd.,Tezpur,"Assam — Dibrugarh, Silchar, Tezpur (5 entries)","Tertiary-care hospital, Sonitpur District, since June 2020, 13+ clinical departments. Dated design, no online appointment booking, no chatbot, static department pages with no scheduling function.",Phone +91 7035 022 110; Email hospital@nemcaretezpur.com,"Dear Nemcare Hospital team, Serving Sonitpur District's tertiary care needs since 2020 across thirteen-plus departments is a genuine achievement. We noticed your website has no online appointment booking or chat assistant yet, so every OPD request still needs a phone call. Bitecodes builds appointment and WhatsApp-based booking systems for hospitals your size, reducing front-desk load without a full site rebuild. We would welcome a short call to walk through what this could look like for Nemcare. Warm regards, the Bitecodes team",https://nemcaretezpur.com/,"Warm — acknowledges real tenure and scope. Authoritative — scoped, named capability, not a vague pitch.",0,0
Vikas International (Export Import Handicraft),Jodhpur,Jodhpur (12 entries),"25 years of export experience in handcrafted wooden furniture and wall coverings. Footer still marked ""© 2023,"" several navigation links lead nowhere. No working catalog to browse — only email or WhatsApp.",Email info@vikasartsjodhpur.com; Phone +91 94138 46336,"Dear Vikas International team, we came across your handcrafted furniture and wall-covering work from Boranada and were impressed that twenty-five years of export experience sit behind it. A few navigation links on your site currently lead nowhere, and the design has not been refreshed in some time. Bitecodes builds and maintains websites and simple buyer-inquiry systems for manufacturers like yours, so international buyers can browse a working catalog and reach you directly. We would welcome a short conversation about modernizing the site. Regards, the Bitecodes team",https://vikasartsjodhpur.com,"Warm — specific, genuine detail about their craft and tenure. Authoritative — concrete fix offered, no filler.",0,0
Artisans Jodhpur,Jodhpur,Jodhpur (12 entries),"Established exporter of antique and recycled-wood furniture. Product pages mix German, French, Korean, and Japanese text at random, repeat near-identical listings, footer copyright shows ""2026."" Active online store, disorganized enough to cost international sales.",WhatsApp +91 99283 29293 (Telegram @ArtisansJodhpur); no email or address published.,"Dear Artisans Jodhpur team, your antique furniture and recycled-wood pieces stand out, and your online store clearly reaches an international audience already. We noticed the product catalog currently mixes several languages inconsistently and repeats listings, which likely confuses buyers browsing on mobile. Bitecodes builds and cleans up e-commerce catalogs for exporters, so each product page reads clearly in the language a buyer expects. We would be glad to show you what a tidied-up version could look like, whenever convenient. Regards, the Bitecodes team",https://artisansjodhpur.com,"Warm — names the craft first. Authoritative — one verifiable, fixable problem, not a vague pitch.",0,0
Baba Marbles & Art Stone,Jodhpur,Jodhpur (12 entries),"Sandstone/marble/limestone/granite manufacturer, 100+ listed products. Homepage still displays the unedited placeholder line ""Currently it only shows your basic business info. Start adding relevant business details"" — the site was never actually finished.",Email babamarbles@gmail.com; Phone +91 8048033000; WhatsApp +91 92144 11560,"Dear Baba Marbles team, your range of Jodhpur sandstone, marble, and carved jali work is extensive, with over a hundred products listed on your site. We noticed the homepage still shows the default placeholder text asking to ""start adding relevant business details,"" which suggests the site was never fully set up after the template was installed. Bitecodes builds proper business websites for stone manufacturers and exporters, so your catalog gets a real storefront instead of an unfinished template. We would welcome a brief conversation. Regards, the Bitecodes team",https://www.stonejodhpur.com,"Warm — genuine respect for their product range. Authoritative — cites the exact unfinished template text, not a generic complaint.",0,0
Aditya Placement Services,Jodhpur,Jodhpur (12 entries),"Recruitment/manpower consultancy since 2008 (security staffing, housekeeping, institutional placement). Footer copyrighted ""2013,"" no published email, phone, or address anywhere on the homepage — unusual for a business built on being reachable.",No public contact channel found.,"Dear Aditya Placement Services team, we came across your placement consultancy and noted that you have been connecting employers and candidates across Rajasthan since 2008. Your website's footer is copyrighted 2013, and we could not find a published phone number or email on the site itself, which seems a significant gap for a recruitment business. Bitecodes builds websites with working contact and application forms so employers and candidates can reach a consultancy directly online. We would welcome a short conversation about a refreshed site. Regards, the Bitecodes team",https://www.adityaplacement.in/,"Warm — credits their real tenure since 2008. Authoritative — names the missing-contact-details problem precisely, the strongest lead-gen gap for this business.",1,0
Manish Agro (guar gum),Jodhpur,Jodhpur (12 entries),Guar gum manufacturer serving pharma/food/textile/mining industries across five continents. Blog section carries unreplaced filler text; quote-request buttons do not connect to a working form.,Email info@manishgum.com; Phone +91-998 2222 005 / +91-291 2970401,"Dear Manish Agro team, it is notable that a Boranada-based guar gum processor reaches customers across North America, Russia, the Middle East, and Asia-Pacific. We noticed your website's blog section still contains unreplaced placeholder text, and the ""request a quote"" button does not appear to connect to a working form, which may quietly cost you export inquiries. Bitecodes builds industrial websites with working quote and contact forms for manufacturers exporting at this scale. We would welcome a short conversation about tidying this up. Regards, the Bitecodes team",https://www.manishgum.com/,"Warm — acknowledges their genuine export reach. Authoritative — points to the exact broken quote-request mechanism, a real revenue-relevant gap.",0,0
Mahesh Public School,Jodhpur,Jodhpur (12 entries),"CBSE-affiliated school, 25+ years, claimed 98% board result. Student/result counters frozen at zero, 13 repeated homepage banner slides, several menu items lead nowhere.",Email info@mpsjodhpur.org; Phone 0291-2753611 / 82900 42933,"Dear Mahesh Public School team, twenty-five years of CBSE results is a genuine achievement, and your site already offers online admission and fee-payment features. We noticed the homepage's student and result counters are still frozen at zero and that several menu items do not lead anywhere yet, which likely undersells the school to parents comparing options online. Bitecodes builds and finishes school websites so features like these work properly end to end. We would welcome a short conversation about completing the site. Regards, the Bitecodes team",https://mpsjodhpur.org/,"Warm — opens with genuine praise for their results. Authoritative — lists specific unfinished widgets, not a vague critique.",0,0
Jodhpur Sweets,Jodhpur,Jodhpur (12 entries),"Namkeen/sweets retailer, outlets in Sardarpura and Jodhpur Airport, 150+ products online. Health-benefit and testimonial sections display unreplaced Lorem Ipsum; no email or shop address published anywhere.",WhatsApp +91 90012 97777; no email or address published.,"Dear Jodhpur Sweets team, having outlets at both Sardarpura and Jodhpur Airport, alongside more than 150 products online, speaks to a genuinely established business. We noticed the testimonial and health-benefit sections of your site still show placeholder Lorem Ipsum text, and no shop address is listed anywhere, which may leave online visitors unsure where to find you. Bitecodes builds and finishes retail websites so content like this is complete and locations are easy to find. We would welcome a short conversation about polishing the site. Regards, the Bitecodes team",https://www.jodhpursweets.com/,Warm — names their actual two locations first. Authoritative — cites the literal placeholder text as concrete evidence.,0,0
DV Films India,Jodhpur,Jodhpur (12 entries),"Production house (corporate video, documentary, drone) since 2013. Homepage repeats the identical header line several times over, no visible copyright or update date — built once and left alone.",Email dvfilmsindia@gmail.com; Phone +91 95882 60128,"Dear DV Films India team, offering corporate video, documentary, and drone work since 2013 is a solid range for a Jodhpur production house. We noticed your homepage repeats the same headline several times across different sections and shows no update or copyright date, which suggests the site was built once and never revisited since. Bitecodes builds and maintains portfolio websites for production studios, so your corporate reel gets a page that reflects the actual quality of your work. We would welcome a short conversation. Regards, the Bitecodes team",https://dvfilmsindia.com/,"Warm — credits their actual service range. Authoritative — points to a specific, real structural flaw, not their creative work.",0,0
Laxmi Engineers,Jodhpur,Jodhpur (12 entries),"Industrial machinery manufacturer since 1991, 80+ cement-plant projects across India and eight countries. Only online presence is a dated IndiaMART-hosted page (footer credits ""IndiaMART InterMESH"" as developer), broken image placeholders, no independent company website.",No public contact channel found.,"Dear Laxmi Engineers team, completing more than eighty cement-plant projects across India and eight countries since 1991 is a genuinely strong record. We noticed that laxmi-group.com is actually an IndiaMART-hosted listing page rather than an independent company website, with several broken image placeholders and no direct phone or email shown as text. Bitecodes builds proper standalone websites for industrial manufacturers, so a record like yours is presented on your own domain, not a marketplace template. We would welcome a short conversation. Regards, the Bitecodes team",https://www.laxmi-group.com/,Warm — recognizes the genuine thirty-plus-year track record. Authoritative — names the precise infrastructure gap (no owned website).,1,0
Manidhari Hospital,Jodhpur,Jodhpur (12 entries),"ISO 9001:2008-certified multi-super-specialty hospital, 15+ departments (cardiac surgery, neurosciences, oncology). Footer copyrighted ""2026,"" dead ""#"" links throughout department pages, poorly suited to mobile viewing.",Email info@manidharihospital.com; Phone 0291-2648877 / 2648888 / 2648899,"Dear Manidhari Hospital team, offering fifteen-plus departments including cardiac surgery, neurosciences, and oncology under one ISO-certified roof is a serious clinical range for Jodhpur. We noticed several links across your department pages currently lead nowhere and that the site is difficult to navigate on a phone, which matters when a worried family is searching for a specialist at short notice. Bitecodes builds hospital websites that work properly on mobile, with department pages that actually load. We would welcome a short conversation. Regards, the Bitecodes team",https://manidharihospital.com/,Warm — acknowledges the real clinical breadth first. Authoritative — ties the technical flaw to a concrete patient scenario.,0,0
CAJodhpur (chartered accountant firm),Jodhpur,Jodhpur (12 entries),"Chartered accountancy practice, two Jodhpur offices, 10+ years (tax, GST, company registration). Copyright reads ""2017,"" newest blog post dates to August 2019, several dead ""#"" navigation links.",Phone 0291-2626364 / 0291-2550660 / mobile +91 94622 77011; no email published.,"Dear CAJodhpur team, running two offices across Jodhpur with more than ten years in tax, GST, and company registration work reflects a genuinely established practice. We noticed your website's copyright reads 2017 and the newest blog entry is from August 2019, with a few menu links leading nowhere since. Bitecodes builds and maintains websites for accounting and finance practices, so a firm with your track record is represented by a site as current as the work itself. We would welcome a short conversation. Regards, the Bitecodes team",https://www.cajodhpur.com/,"Warm — opens on their genuine decade-plus tenure. Authoritative — cites exact dates as evidence, not a generic ""outdated"" claim.",0,0
Ambica Spices Industries,Jodhpur,Jodhpur (12 entries),"Spice manufacturer since 1985, Mandore, SCADA-monitored production, wide masala range. No visible copyright or update date, repeated content blocks, primary business email is a Yahoo address.",Email ambicaspices@yahoo.com; Phone +91 90799 73801,"Dear Ambica Spices team, operating since 1985 from Mandore with SCADA-monitored production is a genuinely strong claim for a spice manufacturer, and one worth presenting well online. We noticed your website repeats several content blocks, shows no visible update date, and still relies on a Yahoo address as the main business contact, all of which understate an operation of this age. Bitecodes builds proper business websites and email setups for manufacturers like yours. We would welcome a short conversation about a refresh. Regards, the Bitecodes team",https://www.ambicaspicesindustries.in/,"Warm — takes their production claims seriously. Authoritative — names three concrete, verifiable gaps, not a vague ""needs improvement.""",0,0
Shri Gautam Ship Breaking,Bhavnagar,"Gujarat coastal — Bhavnagar, Junagadh, Porbandar (9 entries)","Class NK-certified ship recycling operator at Alang, 70+ vessels dismantled since 1983, corporate office in Bhavnagar. Basic layout, minimal visual hierarchy, 2023 copyright — out of step with the company's safety and environmental credentials.",Phone +91 278 2423042; Email gautamship@gmail.com / gautamship@yahoo.co.in,"Hello Shri Gautam Ship Breaking team, We noticed your yard has recycled over 70 vessels since 1983, an impressive record for a Class NK certified operation at Alang. Your current website, however, does not yet reflect that scale or your safety and environmental compliance credentials. Bitecodes builds websites and web tools for established Indian businesses, and we would welcome a short conversation about a site refresh that better presents your track record to global ship-owners and brokers. Best regards, the Bitecodes team",https://www.shrigautamship.com/,"Warm — leads with a specific, genuine fact about the company. Authoritative — names a concrete gap and capability, no filler.",0,0
Vinay Industries Limited,Junagadh,"Gujarat coastal — Bhavnagar, Junagadh, Porbandar (9 entries)","Agro-processing/export house since 1960 (edible oils, castor oil, animal feed, spices), reported turnover above $100M, buyers in China/Vietnam/Australia. Basic HTML, limited mobile responsiveness, appears unchanged for years — a mismatch for a company selling to overseas buyers.",Email info@vinaygroups.com; Phone +91 6355 659 869,"Hello Vinay Industries team, Your export house has grown from Junagadh since 1960 into a global supplier of edible oils, castor oil and spices across China, Vietnam and Australia — a strong record. Your website, however, is not mobile-friendly and looks unchanged for a few years, which can undersell that story to new overseas buyers. Bitecodes builds websites and web applications for established Indian exporters and manufacturers, and we would welcome a brief conversation about a refresh built for international buyers. Best regards, the Bitecodes team",https://www.vinaygroups.com/,"Warm — credits real 66-year history and export reach. Authoritative — names a specific technical shortfall, not a vague compliment.",0,0
Silver Sea Food,Porbandar,"Gujarat coastal — Bhavnagar, Junagadh, Porbandar (9 entries)","Frozen seafood exporter, three decades, four production units, combined 350 metric tons/day capacity (pomfret, shrimp, squid, crab, lobster). Basic sliders and repetitive listings, no online inquiry or quote mechanism beyond a phone number.",Phone +91 76987 99936; no email published.,"Hello Silver Sea Food team, Thirty years of exporting premium pomfret, shrimp, squid and crab from Porbandar, across four production units, is a genuine achievement. Your website, though, offers international buyers little beyond a phone number and a basic slider — no inquiry form, no easy way to request a quote online. Bitecodes builds websites and web applications for Indian exporters, and we would welcome a short conversation about giving your seafood business a digital front door that matches its scale. Best regards, the Bitecodes team",https://silverseafoodbharat.com/,"Warm — opens with genuine respect for real production scale. Authoritative — names the missing inquiry mechanism as a concrete, fixable gap.",0,0
BIMS Hospital,Bhavnagar,"Gujarat coastal — Bhavnagar, Junagadh, Porbandar (9 entries)","Multi-super-specialty hospital, 20 listed departments (cardiovascular surgery, oncology, robotic joint replacement, dialysis). Parts of the live site still carry unreplaced ""Lorem Ipsum"" placeholder text and inconsistent image handling.",Phone +(0278) 664 4444; Email info@bimshospital.com,"Hello BIMS Hospital team, Your 20 departments, from cardiovascular surgery to robotic joint replacement, represent real depth of care for Bhavnagar. We noticed a few pages on your website still carry placeholder text, which understates that capability to patients researching care online. Bitecodes builds and maintains websites and patient-facing tools for healthcare providers, and we would welcome a short conversation about finishing and modernizing your site so it matches the standard of care behind it. Best regards, the Bitecodes team",https://bimshospital.com/,"Warm — credits genuine clinical range. Authoritative — cites a specific, verifiable defect, not generic criticism.",0,0
Sudama Dairy (Porbandar District Co-Operative Milk Producers' Union Ltd),Porbandar,"Gujarat coastal — Bhavnagar, Junagadh, Porbandar (9 entries)","GCMMF (Amul) member-union, 70,000+ milk producers, 800+ village societies, 15+ bulk milk cooling units. Site repeats its navigation menu multiple times, inconsistent grammar, low-resolution imagery.",Email info@sudamadairy.com; no phone published on this page.,"Hello Sudama Dairy team, Serving over 70,000 milk producers across 800-plus societies for GCMMF is a genuine achievement for a district union. Your website, though, repeats its navigation menu several times over and shows some inconsistent text, which can make first-time visitors, farmers and institutional partners alike, unsure they are on the right page. Bitecodes builds clear, reliable websites for cooperatives and producer organizations, and we would welcome a short conversation about tidying up Sudama Dairy's site to match its real scale. Best regards, the Bitecodes team",https://www.sudamadairy.com/,"Warm — credits the cooperative's real farmer-facing mission. Authoritative — a specific structural defect, not a vague critique.",0,0
J.R. Casting (JR Group),Bhavnagar,"Gujarat coastal — Bhavnagar, Junagadh, Porbandar (9 entries)","Precision engineering/casting manufacturer since 2010 — grey iron, SG iron, steel, alloy castings up to 54 metric tons for steel plants and material handling makers. Early-2010s web practice, static galleries, contact email renders only through script-based obfuscation.","Phone +91 7778985630; email exists but only in obfuscated form, not quoted.","Hello J.R. Casting team, Producing castings up to 54 metric tons for steel plants and material handling manufacturers since 2010 is serious industrial capability. Your website, though, still reads like an early build: static galleries, limited mobile support, and a contact email that only loads through a script rather than plain text. Bitecodes builds websites and web applications for manufacturers, and we would welcome a short conversation about a site that presents J.R. Casting's engineering capability as clearly as your castings perform. Best regards, the Bitecodes team",https://www.jrgroup.co.in/jr-casting/,"Warm — credits a genuine engineering feat. Authoritative — closes on a concrete, capability-matched offer.",0,0
Siddhi Sales Corporation (Siddhi Cotton),Junagadh,"Gujarat coastal — Bhavnagar, Junagadh, Porbandar (9 entries)","Multi-unit raw cotton ginning/pressing/spinning business, government-approved A-grade unit, certified organic and BCI cotton. Very basic, dated HTML with raw PHP code visible in the page source — a real technical/credibility liability for a business handling export-grade certifications.",Email info@siddhicotton.com,"Hello Siddhi Cotton team, Running a government-approved A-grade ginning unit in Junagadh, certified for organic and BCI cotton, is exactly the kind of credential international buyers look for. Your website, though, still shows raw code in its pages and offers little beyond one general email address, which can undercut that credibility during due diligence. Bitecodes builds websites and web applications for manufacturers and exporters, and we would welcome a short conversation about a secure, modern site that presents Siddhi Cotton's certifications properly. Best regards, the Bitecodes team",https://www.siddhicotton.com/ ; https://www.siddhicotton.com/ginning.html,"Warm — credits a real, verifiable certification. Authoritative — raises a concrete security issue, not a generic design complaint.",0,0
Micron Minerals (Br. Raza Building Stone),Porbandar,"Gujarat coastal — Bhavnagar, Junagadh, Porbandar (9 entries)","Moderate fit, flagged honestly: Porbandar-stone/building-limestone supplier since 2004, sells factory-direct to architects and developers across India. Site is reasonably well-built already — the gap is that contact still routes through a personal-style Gmail inbox, with no online quote-request or spec-sheet tool for the architects it serves directly.",Phone +91 92082 78692 / +91 99253 41186; Email micronminerals1@gmail.com,"Hello Micron Minerals team, Supplying Porbandar stone and building limestone factory-direct to architects and developers across India, since 2004, is a strong niche to own. We noticed enquiries still route through a personal Gmail address rather than a branded company inbox, and there is no online way for architects to request a quote or spec sheet. Bitecodes builds websites and simple web tools for manufacturers, and we would welcome a short conversation about closing that gap for Micron Minerals. Best regards, the Bitecodes team",https://buildinglimestone.com/about-us/,"Warm — credits the specific niche the company has built. Authoritative — flags a precise, verifiable gap, not overstated.",0,0
KJMH Lifecare Private Limited (K J Multispeciality Hospital & Research Center),Junagadh,"Gujarat coastal — Bhavnagar, Junagadh, Porbandar (9 entries)","NABH-accredited multispecialty hospital, 11 listed departments, named specialists, 24-hour emergency care. Live site sits on a temporary Vercel subdomain rather than its own domain; footer and ""About Us"" still carry unedited template text, including an address for ""Chicago 12, Melbourne City, USA.""",Phone 9512613331 / 02852960271 / 02852960272; Email kjmultispeciality@gmail.com,"Hello KJMH Lifecare team, Eleven departments, NABH accreditation and named specialists in orthopaedics, cardiology and neurosurgery is real depth for a Junagadh hospital. We noticed your live website is still on a temporary address and its footer and About Us section still show template placeholder text, including an unrelated Chicago and Melbourne address. Bitecodes builds and finishes websites for healthcare providers, and we would welcome a short conversation about giving KJMH a finished site on its own domain. Best regards, the Bitecodes team",https://kjmhospital.vercel.app/,"Warm — leads with genuine respect for real accreditation. Authoritative — cites an exact, unusual, verifiable defect, not a vague impression.",0,0
